country_code,country,period,year,quarter,official_hpi,hpi_2015_100
BE,Belgium,2015-Q1,2015,1,67.61,97.94
BE,Belgium,2015-Q2,2015,2,68.43,99.12
BE,Belgium,2015-Q3,2015,3,70.07,101.5
BE,Belgium,2015-Q4,2015,4,70.03,101.44
BE,Belgium,2016-Q1,2016,1,69.29,100.37
BE,Belgium,2016-Q2,2016,2,70.01,101.41
BE,Belgium,2016-Q3,2016,3,71.54,103.63
BE,Belgium,2016-Q4,2016,4,71.73,103.9
BE,Belgium,2017-Q1,2017,1,72.04,104.35
BE,Belgium,2017-Q2,2017,2,72.13,104.48
BE,Belgium,2017-Q3,2017,3,74.43,107.81
BE,Belgium,2017-Q4,2017,4,73.97,107.15
BE,Belgium,2018-Q1,2018,1,74.13,107.38
BE,Belgium,2018-Q2,2018,2,74.91,108.51
BE,Belgium,2018-Q3,2018,3,76.38,110.64
BE,Belgium,2018-Q4,2018,4,75.98,110.06
BE,Belgium,2019-Q1,2019,1,76.63,111.0
BE,Belgium,2019-Q2,2019,2,77.21,111.84
BE,Belgium,2019-Q3,2019,3,79.64,115.36
BE,Belgium,2019-Q4,2019,4,79.2,114.72
BE,Belgium,2020-Q1,2020,1,79.56,115.25
BE,Belgium,2020-Q2,2020,2,80.5,116.61
BE,Belgium,2020-Q3,2020,3,82.18,119.04
BE,Belgium,2020-Q4,2020,4,83.84,121.45
BE,Belgium,2021-Q1,2021,1,84.51,122.42
BE,Belgium,2021-Q2,2021,2,86.14,124.78
BE,Belgium,2021-Q3,2021,3,88.39,128.04
BE,Belgium,2021-Q4,2021,4,88.79,128.62
BE,Belgium,2022-Q1,2022,1,89.76,130.02
BE,Belgium,2022-Q2,2022,2,91.25,132.18
BE,Belgium,2022-Q3,2022,3,93.17,134.96
BE,Belgium,2022-Q4,2022,4,92.89,134.55
BE,Belgium,2023-Q1,2023,1,93.22,135.03
BE,Belgium,2023-Q2,2023,2,92.88,134.54
BE,Belgium,2023-Q3,2023,3,94.1,136.31
BE,Belgium,2023-Q4,2023,4,95.46,138.28
BE,Belgium,2024-Q1,2024,1,96.21,139.36
BE,Belgium,2024-Q2,2024,2,95.93,138.96
BE,Belgium,2024-Q3,2024,3,97.45,141.16
BE,Belgium,2024-Q4,2024,4,98.15,142.17
BE,Belgium,2025-Q1,2025,1,98.77,143.07
BE,Belgium,2025-Q2,2025,2,98.68,142.94
BE,Belgium,2025-Q3,2025,3,101.01,146.32
BE,Belgium,2025-Q4,2025,4,101.54,147.08
BE,Belgium,2026-Q1,2026,1,100.65,145.8
BE,Belgium,2026-Q2,2026,2,100.78,145.98
DE,Germany,2015-Q1,2015,1,64.0,97.71
DE,Germany,2015-Q2,2015,2,65.5,100.0
DE,Germany,2015-Q3,2015,3,65.8,100.46
DE,Germany,2015-Q4,2015,4,66.7,101.83
DE,Germany,2016-Q1,2016,1,68.0,103.82
DE,Germany,2016-Q2,2016,2,70.0,106.87
DE,Germany,2016-Q3,2016,3,71.2,108.7
DE,Germany,2016-Q4,2016,4,72.3,110.38
DE,Germany,2017-Q1,2017,1,72.7,110.99
DE,Germany,2017-Q2,2017,2,74.1,113.13
DE,Germany,2017-Q3,2017,3,75.3,114.96
DE,Germany,2017-Q4,2017,4,76.8,117.25
DE,Germany,2018-Q1,2018,1,77.5,118.32
DE,Germany,2018-Q2,2018,2,79.0,120.61
DE,Germany,2018-Q3,2018,3,80.6,123.05
DE,Germany,2018-Q4,2018,4,81.6,124.58
DE,Germany,2019-Q1,2019,1,81.6,124.58
DE,Germany,2019-Q2,2019,2,83.7,127.79
DE,Germany,2019-Q3,2019,3,84.9,129.62
DE,Germany,2019-Q4,2019,4,86.9,132.67
DE,Germany,2020-Q1,2020,1,87.6,133.74
DE,Germany,2020-Q2,2020,2,89.2,136.18
DE,Germany,2020-Q3,2020,3,91.9,140.31
DE,Germany,2020-Q4,2020,4,94.5,144.27
DE,Germany,2021-Q1,2021,1,95.8,146.26
DE,Germany,2021-Q2,2021,2,99.5,151.91
DE,Germany,2021-Q3,2021,3,103.6,158.17
DE,Germany,2021-Q4,2021,4,106.5,162.6
DE,Germany,2022-Q1,2022,1,107.5,164.12
DE,Germany,2022-Q2,2022,2,109.6,167.33
DE,Germany,2022-Q3,2022,3,108.9,166.26
DE,Germany,2022-Q4,2022,4,103.8,158.47
DE,Germany,2023-Q1,2023,1,100.7,153.74
DE,Germany,2023-Q2,2023,2,99.3,151.6
DE,Germany,2023-Q3,2023,3,97.8,149.31
DE,Germany,2023-Q4,2023,4,95.9,146.41
DE,Germany,2024-Q1,2024,1,95.5,145.8
DE,Germany,2024-Q2,2024,2,96.8,147.79
DE,Germany,2024-Q3,2024,3,97.6,149.01
DE,Germany,2024-Q4,2024,4,97.7,149.16
DE,Germany,2025-Q1,2025,1,99.1,151.3
DE,Germany,2025-Q2,2025,2,100.0,152.67
DE,Germany,2025-Q3,2025,3,100.7,153.74
DE,Germany,2025-Q4,2025,4,100.2,152.98
DE,Germany,2026-Q1,2026,1,100.3,153.13
DE,Germany,2026-Q2,2026,2,100.6,153.59
ES,Spain,2015-Q1,2015,1,53.53,96.68
ES,Spain,2015-Q2,2015,2,55.74,100.67
ES,Spain,2015-Q3,2015,3,56.11,101.34
ES,Spain,2015-Q4,2015,4,56.1,101.32
ES,Spain,2016-Q1,2016,1,56.89,102.75
ES,Spain,2016-Q2,2016,2,57.89,104.55
ES,Spain,2016-Q3,2016,3,58.37,105.42
ES,Spain,2016-Q4,2016,4,58.57,105.78
ES,Spain,2017-Q1,2017,1,59.91,108.2
ES,Spain,2017-Q2,2017,2,61.12,110.38
ES,Spain,2017-Q3,2017,3,62.25,112.43
ES,Spain,2017-Q4,2017,4,62.79,113.4
ES,Spain,2018-Q1,2018,1,63.65,114.95
ES,Spain,2018-Q2,2018,2,65.28,117.9
ES,Spain,2018-Q3,2018,3,66.71,120.48
ES,Spain,2018-Q4,2018,4,66.98,120.97
ES,Spain,2019-Q1,2019,1,68.04,122.88
ES,Spain,2019-Q2,2019,2,68.81,124.27
ES,Spain,2019-Q3,2019,3,69.91,126.26
ES,Spain,2019-Q4,2019,4,69.45,125.43
ES,Spain,2020-Q1,2020,1,70.28,126.93
ES,Spain,2020-Q2,2020,2,70.31,126.98
ES,Spain,2020-Q3,2020,3,71.18,128.55
ES,Spain,2020-Q4,2020,4,70.62,127.54
ES,Spain,2021-Q1,2021,1,70.94,128.12
ES,Spain,2021-Q2,2021,2,72.62,131.15
ES,Spain,2021-Q3,2021,3,74.15,133.92
ES,Spain,2021-Q4,2021,4,75.07,135.58
ES,Spain,2022-Q1,2022,1,76.99,139.05
ES,Spain,2022-Q2,2022,2,78.47,141.72
ES,Spain,2022-Q3,2022,3,79.82,144.16
ES,Spain,2022-Q4,2022,4,79.18,143.0
ES,Spain,2023-Q1,2023,1,79.72,143.98
ES,Spain,2023-Q2,2023,2,81.38,146.97
ES,Spain,2023-Q3,2023,3,83.43,150.68
ES,Spain,2023-Q4,2023,4,82.58,149.14
ES,Spain,2024-Q1,2024,1,84.81,153.17
ES,Spain,2024-Q2,2024,2,87.84,158.64
ES,Spain,2024-Q3,2024,3,90.32,163.12
ES,Spain,2024-Q4,2024,4,91.95,166.06
ES,Spain,2025-Q1,2025,1,95.24,172.01
ES,Spain,2025-Q2,2025,2,99.05,178.89
ES,Spain,2025-Q3,2025,3,101.92,184.07
ES,Spain,2025-Q4,2025,4,103.79,187.45
ES,Spain,2026-Q1,2026,1,107.45,194.06
ES,Spain,2026-Q2,2026,2,111.08,200.61
FR,France,2015-Q1,2015,1,78.09,99.37
FR,France,2015-Q2,2015,2,78.23,99.55
FR,France,2015-Q3,2015,3,79.31,100.93
FR,France,2015-Q4,2015,4,78.7,100.15
FR,France,2016-Q1,2016,1,78.37,99.73
FR,France,2016-Q2,2016,2,78.77,100.24
FR,France,2016-Q3,2016,3,80.43,102.35
FR,France,2016-Q4,2016,4,80.03,101.84
FR,France,2017-Q1,2017,1,80.57,102.53
FR,France,2017-Q2,2017,2,81.35,103.52
FR,France,2017-Q3,2017,3,83.02,105.65
FR,France,2017-Q4,2017,4,82.7,105.24
FR,France,2018-Q1,2018,1,82.91,105.51
FR,France,2018-Q2,2018,2,83.63,106.42
FR,France,2018-Q3,2018,3,85.38,108.65
FR,France,2018-Q4,2018,4,85.33,108.59
FR,France,2019-Q1,2019,1,85.3,108.55
FR,France,2019-Q2,2019,2,86.32,109.85
FR,France,2019-Q3,2019,3,88.27,112.33
FR,France,2019-Q4,2019,4,88.56,112.7
FR,France,2020-Q1,2020,1,89.48,113.87
FR,France,2020-Q2,2020,2,90.78,115.52
FR,France,2020-Q3,2020,3,92.57,117.8
FR,France,2020-Q4,2020,4,93.73,119.28
FR,France,2021-Q1,2021,1,94.48,120.23
FR,France,2021-Q2,2021,2,96.29,122.53
FR,France,2021-Q3,2021,3,99.2,126.24
FR,France,2021-Q4,2021,4,100.21,127.52
FR,France,2022-Q1,2022,1,101.06,128.6
FR,France,2022-Q2,2022,2,102.81,130.83
FR,France,2022-Q3,2022,3,105.57,134.34
FR,France,2022-Q4,2022,4,104.91,133.5
FR,France,2023-Q1,2023,1,103.98,132.32
FR,France,2023-Q2,2023,2,103.51,131.72
FR,France,2023-Q3,2023,3,103.92,132.24
FR,France,2023-Q4,2023,4,101.16,128.73
FR,France,2024-Q1,2024,1,98.98,125.96
FR,France,2024-Q2,2024,2,98.76,125.68
FR,France,2024-Q3,2024,3,100.3,127.64
FR,France,2024-Q4,2024,4,99.24,126.29
FR,France,2025-Q1,2025,1,99.44,126.54
FR,France,2025-Q2,2025,2,99.44,126.54
FR,France,2025-Q3,2025,3,100.96,128.48
FR,France,2025-Q4,2025,4,100.16,127.46
FR,France,2026-Q1,2026,1,99.46,126.57
FR,France,2026-Q2,2026,2,98.65,125.54
IE,Ireland,2015-Q1,2015,1,48.9,96.43
IE,Ireland,2015-Q2,2015,2,50.0,98.6
IE,Ireland,2015-Q3,2015,3,51.59,101.73
IE,Ireland,2015-Q4,2015,4,52.36,103.25
IE,Ireland,2016-Q1,2016,1,52.57,103.66
IE,Ireland,2016-Q2,2016,2,53.14,104.79
IE,Ireland,2016-Q3,2016,3,55.45,109.34
IE,Ireland,2016-Q4,2016,4,56.83,112.06
IE,Ireland,2017-Q1,2017,1,57.49,113.36
IE,Ireland,2017-Q2,2017,2,58.76,115.87
IE,Ireland,2017-Q3,2017,3,61.96,122.18
IE,Ireland,2017-Q4,2017,4,63.47,125.16
IE,Ireland,2018-Q1,2018,1,64.58,127.35
IE,Ireland,2018-Q2,2018,2,66.15,130.44
IE,Ireland,2018-Q3,2018,3,67.6,133.3
IE,Ireland,2018-Q4,2018,4,68.07,134.23
IE,Ireland,2019-Q1,2019,1,67.44,132.98
IE,Ireland,2019-Q2,2019,2,67.8,133.69
IE,Ireland,2019-Q3,2019,3,68.78,135.63
IE,Ireland,2019-Q4,2019,4,68.62,135.31
IE,Ireland,2020-Q1,2020,1,68.11,134.31
IE,Ireland,2020-Q2,2020,2,68.03,134.15
IE,Ireland,2020-Q3,2020,3,68.23,134.54
IE,Ireland,2020-Q4,2020,4,69.11,136.28
IE,Ireland,2021-Q1,2021,1,70.16,138.35
IE,Ireland,2021-Q2,2021,2,71.83,141.64
IE,Ireland,2021-Q3,2021,3,75.47,148.82
IE,Ireland,2021-Q4,2021,4,78.66,155.11
IE,Ireland,2022-Q1,2022,1,80.67,159.07
IE,Ireland,2022-Q2,2022,2,82.1,161.89
IE,Ireland,2022-Q3,2022,3,84.42,166.47
IE,Ireland,2022-Q4,2022,4,85.41,168.42
IE,Ireland,2023-Q1,2023,1,84.77,167.16
IE,Ireland,2023-Q2,2023,2,84.34,166.31
IE,Ireland,2023-Q3,2023,3,85.6,168.79
IE,Ireland,2023-Q4,2023,4,88.09,173.7
IE,Ireland,2024-Q1,2024,1,90.12,177.71
IE,Ireland,2024-Q2,2024,2,91.46,180.35
IE,Ireland,2024-Q3,2024,3,94.07,185.5
IE,Ireland,2024-Q4,2024,4,96.34,189.97
IE,Ireland,2025-Q1,2025,1,97.28,191.83
IE,Ireland,2025-Q2,2025,2,98.55,194.33
IE,Ireland,2025-Q3,2025,3,101.1,199.36
IE,Ireland,2025-Q4,2025,4,103.06,203.22
IE,Ireland,2026-Q1,2026,1,103.93,204.94
IE,Ireland,2026-Q2,2026,2,104.44,205.95
NL,Netherlands,2015-Q1,2015,1,45.69,98.3
NL,Netherlands,2015-Q2,2015,2,46.11,99.2
NL,Netherlands,2015-Q3,2015,3,46.95,101.01
NL,Netherlands,2015-Q4,2015,4,47.18,101.5
NL,Netherlands,2016-Q1,2016,1,47.65,102.51
NL,Netherlands,2016-Q2,2016,2,48.35,104.02
NL,Netherlands,2016-Q3,2016,3,49.54,106.58
NL,Netherlands,2016-Q4,2016,4,50.21,108.02
NL,Netherlands,2017-Q1,2017,1,51.22,110.19
NL,Netherlands,2017-Q2,2017,2,52.09,112.06
NL,Netherlands,2017-Q3,2017,3,53.55,115.2
NL,Netherlands,2017-Q4,2017,4,54.72,117.72
NL,Netherlands,2018-Q1,2018,1,55.92,120.3
NL,Netherlands,2018-Q2,2018,2,57.0,122.63
NL,Netherlands,2018-Q3,2018,3,58.77,126.43
NL,Netherlands,2018-Q4,2018,4,59.59,128.2
NL,Netherlands,2019-Q1,2019,1,60.58,130.33
NL,Netherlands,2019-Q2,2019,2,61.42,132.14
NL,Netherlands,2019-Q3,2019,3,62.51,134.48
NL,Netherlands,2019-Q4,2019,4,63.47,136.55
NL,Netherlands,2020-Q1,2020,1,64.74,139.28
NL,Netherlands,2020-Q2,2020,2,66.28,142.59
NL,Netherlands,2020-Q3,2020,3,67.86,145.99
NL,Netherlands,2020-Q4,2020,4,68.96,148.36
NL,Netherlands,2021-Q1,2021,1,71.45,153.71
NL,Netherlands,2021-Q2,2021,2,74.62,160.53
NL,Netherlands,2021-Q3,2021,3,78.82,169.57
NL,Netherlands,2021-Q4,2021,4,81.76,175.89
NL,Netherlands,2022-Q1,2022,1,85.03,182.93
NL,Netherlands,2022-Q2,2022,2,87.65,188.57
NL,Netherlands,2022-Q3,2022,3,88.29,189.94
NL,Netherlands,2022-Q4,2022,4,86.4,185.88
NL,Netherlands,2023-Q1,2023,1,85.12,183.12
NL,Netherlands,2023-Q2,2023,2,84.09,180.91
NL,Netherlands,2023-Q3,2023,3,85.02,182.91
NL,Netherlands,2023-Q4,2023,4,86.48,186.05
NL,Netherlands,2024-Q1,2024,1,88.25,189.86
NL,Netherlands,2024-Q2,2024,2,90.55,194.8
NL,Netherlands,2024-Q3,2024,3,93.88,201.97
NL,Netherlands,2024-Q4,2024,4,95.89,206.29
NL,Netherlands,2025-Q1,2025,1,97.73,210.25
NL,Netherlands,2025-Q2,2025,2,99.16,213.33
NL,Netherlands,2025-Q3,2025,3,101.3,217.93
NL,Netherlands,2025-Q4,2025,4,101.8,219.01
NL,Netherlands,2026-Q1,2026,1,102.92,221.42
NL,Netherlands,2026-Q2,2026,2,103.47,222.6
PT,Portugal,2015-Q1,2015,1,36.74,96.93
PT,Portugal,2015-Q2,2015,2,38.12,100.57
PT,Portugal,2015-Q3,2015,3,38.15,100.65
PT,Portugal,2015-Q4,2015,4,38.6,101.84
PT,Portugal,2016-Q1,2016,1,39.29,103.66
PT,Portugal,2016-Q2,2016,2,40.52,106.91
PT,Portugal,2016-Q3,2016,3,41.05,108.3
PT,Portugal,2016-Q4,2016,4,41.53,109.57
PT,Portugal,2017-Q1,2017,1,42.41,111.89
PT,Portugal,2017-Q2,2017,2,43.78,115.51
PT,Portugal,2017-Q3,2017,3,45.33,119.6
PT,Portugal,2017-Q4,2017,4,45.88,121.05
PT,Portugal,2018-Q1,2018,1,47.59,125.56
PT,Portugal,2018-Q2,2018,2,48.7,128.49
PT,Portugal,2018-Q3,2018,3,49.17,129.73
PT,Portugal,2018-Q4,2018,4,50.16,132.34
PT,Portugal,2019-Q1,2019,1,51.98,137.14
PT,Portugal,2019-Q2,2019,2,53.31,140.65
PT,Portugal,2019-Q3,2019,3,54.45,143.66
PT,Portugal,2019-Q4,2019,4,55.36,146.06
PT,Portugal,2020-Q1,2020,1,57.48,151.65
PT,Portugal,2020-Q2,2020,2,58.49,154.32
PT,Portugal,2020-Q3,2020,3,58.22,153.6
PT,Portugal,2020-Q4,2020,4,59.76,157.67
PT,Portugal,2021-Q1,2021,1,61.28,161.68
PT,Portugal,2021-Q2,2021,2,63.07,166.4
PT,Portugal,2021-Q3,2021,3,64.92,171.28
PT,Portugal,2021-Q4,2021,4,66.69,175.95
PT,Portugal,2022-Q1,2022,1,69.22,182.63
PT,Portugal,2022-Q2,2022,2,71.37,188.3
PT,Portugal,2022-Q3,2022,3,73.46,193.81
PT,Portugal,2022-Q4,2022,4,74.25,195.9
PT,Portugal,2023-Q1,2023,1,75.25,198.54
PT,Portugal,2023-Q2,2023,2,77.6,204.74
PT,Portugal,2023-Q3,2023,3,79.02,208.48
PT,Portugal,2023-Q4,2023,4,80.07,211.25
PT,Portugal,2024-Q1,2024,1,80.52,212.44
PT,Portugal,2024-Q2,2024,2,83.66,220.72
PT,Portugal,2024-Q3,2024,3,86.75,228.88
PT,Portugal,2024-Q4,2024,4,89.33,235.68
PT,Portugal,2025-Q1,2025,1,93.63,247.03
PT,Portugal,2025-Q2,2025,2,98.08,258.77
PT,Portugal,2025-Q3,2025,3,102.09,269.35
PT,Portugal,2025-Q4,2025,4,106.2,280.19
PT,Portugal,2026-Q1,2026,1,110.28,290.96
PT,Portugal,2026-Q2,2026,2,114.24,301.4
