country_code,country,year,income_group_code,income_group,income_group_order,housing_overburden_rate
BE,Belgium,2015,TOTAL,Total,0,9.4
BE,Belgium,2015,QU1,Lowest 20%,1,32.1
BE,Belgium,2015,QU2,Second 20%,2,10.8
BE,Belgium,2015,QU3,Middle 20%,3,3.4
BE,Belgium,2015,QU4,Fourth 20%,4,0.7
BE,Belgium,2015,QU5,Highest 20%,5,0.2
BE,Belgium,2016,TOTAL,Total,0,9.8
BE,Belgium,2016,QU1,Lowest 20%,1,34.3
BE,Belgium,2016,QU2,Second 20%,2,9.9
BE,Belgium,2016,QU3,Middle 20%,3,3.3
BE,Belgium,2016,QU4,Fourth 20%,4,1.2
BE,Belgium,2016,QU5,Highest 20%,5,0.3
BE,Belgium,2017,TOTAL,Total,0,9.4
BE,Belgium,2017,QU1,Lowest 20%,1,32.4
BE,Belgium,2017,QU2,Second 20%,2,9.5
BE,Belgium,2017,QU3,Middle 20%,3,3.6
BE,Belgium,2017,QU4,Fourth 20%,4,1.1
BE,Belgium,2017,QU5,Highest 20%,5,0.7
BE,Belgium,2018,TOTAL,Total,0,8.9
BE,Belgium,2018,QU1,Lowest 20%,1,32.9
BE,Belgium,2018,QU2,Second 20%,2,8.2
BE,Belgium,2018,QU3,Middle 20%,3,2.5
BE,Belgium,2018,QU4,Fourth 20%,4,0.7
BE,Belgium,2018,QU5,Highest 20%,5,0.3
BE,Belgium,2019,TOTAL,Total,0,8.4
BE,Belgium,2019,QU1,Lowest 20%,1,29.3
BE,Belgium,2019,QU2,Second 20%,2,9.0
BE,Belgium,2019,QU3,Middle 20%,3,2.9
BE,Belgium,2019,QU4,Fourth 20%,4,0.6
BE,Belgium,2019,QU5,Highest 20%,5,0.2
BE,Belgium,2020,TOTAL,Total,0,7.7
BE,Belgium,2020,QU1,Lowest 20%,1,28.2
BE,Belgium,2020,QU2,Second 20%,2,7.6
BE,Belgium,2020,QU3,Middle 20%,3,2.2
BE,Belgium,2020,QU4,Fourth 20%,4,0.4
BE,Belgium,2020,QU5,Highest 20%,5,0.3
BE,Belgium,2021,TOTAL,Total,0,7.6
BE,Belgium,2021,QU1,Lowest 20%,1,27.5
BE,Belgium,2021,QU2,Second 20%,2,7.6
BE,Belgium,2021,QU3,Middle 20%,3,2.1
BE,Belgium,2021,QU4,Fourth 20%,4,0.4
BE,Belgium,2021,QU5,Highest 20%,5,0.3
BE,Belgium,2022,TOTAL,Total,0,7.5
BE,Belgium,2022,QU1,Lowest 20%,1,26.8
BE,Belgium,2022,QU2,Second 20%,2,7.8
BE,Belgium,2022,QU3,Middle 20%,3,2.1
BE,Belgium,2022,QU4,Fourth 20%,4,0.7
BE,Belgium,2022,QU5,Highest 20%,5,0.1
BE,Belgium,2023,TOTAL,Total,0,7.8
BE,Belgium,2023,QU1,Lowest 20%,1,27.1
BE,Belgium,2023,QU2,Second 20%,2,8.4
BE,Belgium,2023,QU3,Middle 20%,3,2.0
BE,Belgium,2023,QU4,Fourth 20%,4,1.1
BE,Belgium,2023,QU5,Highest 20%,5,0.2
BE,Belgium,2024,TOTAL,Total,0,6.7
BE,Belgium,2024,QU1,Lowest 20%,1,24.9
BE,Belgium,2024,QU2,Second 20%,2,6.0
BE,Belgium,2024,QU3,Middle 20%,3,2.3
BE,Belgium,2024,QU4,Fourth 20%,4,0.5
BE,Belgium,2024,QU5,Highest 20%,5,0.1
BE,Belgium,2025,TOTAL,Total,0,6.7
BE,Belgium,2025,QU1,Lowest 20%,1,23.5
BE,Belgium,2025,QU2,Second 20%,2,6.8
BE,Belgium,2025,QU3,Middle 20%,3,2.6
BE,Belgium,2025,QU4,Fourth 20%,4,0.4
BE,Belgium,2025,QU5,Highest 20%,5,0.3
DE,Germany,2015,TOTAL,Total,0,15.6
DE,Germany,2015,QU1,Lowest 20%,1,48.3
DE,Germany,2015,QU2,Second 20%,2,15.1
DE,Germany,2015,QU3,Middle 20%,3,7.3
DE,Germany,2015,QU4,Fourth 20%,4,4.6
DE,Germany,2015,QU5,Highest 20%,5,2.9
DE,Germany,2016,TOTAL,Total,0,15.8
DE,Germany,2016,QU1,Lowest 20%,1,45.6
DE,Germany,2016,QU2,Second 20%,2,16.3
DE,Germany,2016,QU3,Middle 20%,3,8.6
DE,Germany,2016,QU4,Fourth 20%,4,5.8
DE,Germany,2016,QU5,Highest 20%,5,2.9
DE,Germany,2017,TOTAL,Total,0,14.5
DE,Germany,2017,QU1,Lowest 20%,1,44.4
DE,Germany,2017,QU2,Second 20%,2,12.9
DE,Germany,2017,QU3,Middle 20%,3,7.0
DE,Germany,2017,QU4,Fourth 20%,4,5.2
DE,Germany,2017,QU5,Highest 20%,5,2.8
DE,Germany,2018,TOTAL,Total,0,14.2
DE,Germany,2018,QU1,Lowest 20%,1,44.6
DE,Germany,2018,QU2,Second 20%,2,12.2
DE,Germany,2018,QU3,Middle 20%,3,6.7
DE,Germany,2018,QU4,Fourth 20%,4,4.5
DE,Germany,2018,QU5,Highest 20%,5,3.0
DE,Germany,2019,TOTAL,Total,0,13.9
DE,Germany,2019,QU1,Lowest 20%,1,40.9
DE,Germany,2019,QU2,Second 20%,2,12.3
DE,Germany,2019,QU3,Middle 20%,3,7.1
DE,Germany,2019,QU4,Fourth 20%,4,5.4
DE,Germany,2019,QU5,Highest 20%,5,4.0
DE,Germany,2020,TOTAL,Total,0,9.0
DE,Germany,2020,QU1,Lowest 20%,1,34.1
DE,Germany,2020,QU2,Second 20%,2,6.4
DE,Germany,2020,QU3,Middle 20%,3,3.1
DE,Germany,2020,QU4,Fourth 20%,4,1.5
DE,Germany,2020,QU5,Highest 20%,5,0.6
DE,Germany,2021,TOTAL,Total,0,11.0
DE,Germany,2021,QU1,Lowest 20%,1,36.4
DE,Germany,2021,QU2,Second 20%,2,9.8
DE,Germany,2021,QU3,Middle 20%,3,5.1
DE,Germany,2021,QU4,Fourth 20%,4,2.8
DE,Germany,2021,QU5,Highest 20%,5,0.9
DE,Germany,2022,TOTAL,Total,0,11.9
DE,Germany,2022,QU1,Lowest 20%,1,35.4
DE,Germany,2022,QU2,Second 20%,2,11.6
DE,Germany,2022,QU3,Middle 20%,3,6.8
DE,Germany,2022,QU4,Fourth 20%,4,4.0
DE,Germany,2022,QU5,Highest 20%,5,2.0
DE,Germany,2023,TOTAL,Total,0,13.0
DE,Germany,2023,QU1,Lowest 20%,1,36.6
DE,Germany,2023,QU2,Second 20%,2,12.8
DE,Germany,2023,QU3,Middle 20%,3,8.2
DE,Germany,2023,QU4,Fourth 20%,4,5.4
DE,Germany,2023,QU5,Highest 20%,5,2.2
DE,Germany,2024,TOTAL,Total,0,12.0
DE,Germany,2024,QU1,Lowest 20%,1,33.3
DE,Germany,2024,QU2,Second 20%,2,13.0
DE,Germany,2024,QU3,Middle 20%,3,7.2
DE,Germany,2024,QU4,Fourth 20%,4,4.5
DE,Germany,2024,QU5,Highest 20%,5,2.1
DE,Germany,2025,TOTAL,Total,0,11.2
DE,Germany,2025,QU1,Lowest 20%,1,31.5
DE,Germany,2025,QU2,Second 20%,2,12.1
DE,Germany,2025,QU3,Middle 20%,3,7.0
DE,Germany,2025,QU4,Fourth 20%,4,3.8
DE,Germany,2025,QU5,Highest 20%,5,1.5
ES,Spain,2015,TOTAL,Total,0,10.3
ES,Spain,2015,QU1,Lowest 20%,1,40.9
ES,Spain,2015,QU2,Second 20%,2,7.6
ES,Spain,2015,QU3,Middle 20%,3,1.9
ES,Spain,2015,QU4,Fourth 20%,4,1.1
ES,Spain,2015,QU5,Highest 20%,5,0.2
ES,Spain,2016,TOTAL,Total,0,10.2
ES,Spain,2016,QU1,Lowest 20%,1,38.4
ES,Spain,2016,QU2,Second 20%,2,8.3
ES,Spain,2016,QU3,Middle 20%,3,2.9
ES,Spain,2016,QU4,Fourth 20%,4,1.1
ES,Spain,2016,QU5,Highest 20%,5,0.2
ES,Spain,2017,TOTAL,Total,0,9.8
ES,Spain,2017,QU1,Lowest 20%,1,38.4
ES,Spain,2017,QU2,Second 20%,2,7.7
ES,Spain,2017,QU3,Middle 20%,3,2.2
ES,Spain,2017,QU4,Fourth 20%,4,0.6
ES,Spain,2017,QU5,Highest 20%,5,0.3
ES,Spain,2018,TOTAL,Total,0,8.9
ES,Spain,2018,QU1,Lowest 20%,1,34.8
ES,Spain,2018,QU2,Second 20%,2,6.3
ES,Spain,2018,QU3,Middle 20%,3,2.2
ES,Spain,2018,QU4,Fourth 20%,4,0.8
ES,Spain,2018,QU5,Highest 20%,5,0.3
ES,Spain,2019,TOTAL,Total,0,8.5
ES,Spain,2019,QU1,Lowest 20%,1,32.5
ES,Spain,2019,QU2,Second 20%,2,6.4
ES,Spain,2019,QU3,Middle 20%,3,2.5
ES,Spain,2019,QU4,Fourth 20%,4,1.2
ES,Spain,2019,QU5,Highest 20%,5,0.1
ES,Spain,2020,TOTAL,Total,0,8.2
ES,Spain,2020,QU1,Lowest 20%,1,31.6
ES,Spain,2020,QU2,Second 20%,2,5.8
ES,Spain,2020,QU3,Middle 20%,3,2.2
ES,Spain,2020,QU4,Fourth 20%,4,1.0
ES,Spain,2020,QU5,Highest 20%,5,0.2
ES,Spain,2021,TOTAL,Total,0,9.9
ES,Spain,2021,QU1,Lowest 20%,1,38.4
ES,Spain,2021,QU2,Second 20%,2,6.8
ES,Spain,2021,QU3,Middle 20%,3,2.9
ES,Spain,2021,QU4,Fourth 20%,4,1.0
ES,Spain,2021,QU5,Highest 20%,5,0.2
ES,Spain,2022,TOTAL,Total,0,9.2
ES,Spain,2022,QU1,Lowest 20%,1,36.5
ES,Spain,2022,QU2,Second 20%,2,6.1
ES,Spain,2022,QU3,Middle 20%,3,2.6
ES,Spain,2022,QU4,Fourth 20%,4,0.8
ES,Spain,2022,QU5,Highest 20%,5,0.3
ES,Spain,2023,TOTAL,Total,0,8.2
ES,Spain,2023,QU1,Lowest 20%,1,32.0
ES,Spain,2023,QU2,Second 20%,2,6.4
ES,Spain,2023,QU3,Middle 20%,3,2.2
ES,Spain,2023,QU4,Fourth 20%,4,0.6
ES,Spain,2023,QU5,Highest 20%,5,0.1
ES,Spain,2024,TOTAL,Total,0,7.8
ES,Spain,2024,QU1,Lowest 20%,1,29.6
ES,Spain,2024,QU2,Second 20%,2,6.0
ES,Spain,2024,QU3,Middle 20%,3,2.1
ES,Spain,2024,QU4,Fourth 20%,4,1.0
ES,Spain,2024,QU5,Highest 20%,5,0.3
ES,Spain,2025,TOTAL,Total,0,7.2
ES,Spain,2025,QU1,Lowest 20%,1,27.7
ES,Spain,2025,QU2,Second 20%,2,5.2
ES,Spain,2025,QU3,Middle 20%,3,1.9
ES,Spain,2025,QU4,Fourth 20%,4,0.9
ES,Spain,2025,QU5,Highest 20%,5,0.2
FR,France,2015,TOTAL,Total,0,5.7
FR,France,2015,QU1,Lowest 20%,1,17.5
FR,France,2015,QU2,Second 20%,2,5.7
FR,France,2015,QU3,Middle 20%,3,2.9
FR,France,2015,QU4,Fourth 20%,4,1.7
FR,France,2015,QU5,Highest 20%,5,0.5
FR,France,2016,TOTAL,Total,0,5.2
FR,France,2016,QU1,Lowest 20%,1,18.0
FR,France,2016,QU2,Second 20%,2,5.3
FR,France,2016,QU3,Middle 20%,3,1.8
FR,France,2016,QU4,Fourth 20%,4,0.8
FR,France,2016,QU5,Highest 20%,5,0.3
FR,France,2017,TOTAL,Total,0,5.0
FR,France,2017,QU1,Lowest 20%,1,16.1
FR,France,2017,QU2,Second 20%,2,6.3
FR,France,2017,QU3,Middle 20%,3,2.0
FR,France,2017,QU4,Fourth 20%,4,0.6
FR,France,2017,QU5,Highest 20%,5,0.2
FR,France,2018,TOTAL,Total,0,4.7
FR,France,2018,QU1,Lowest 20%,1,15.9
FR,France,2018,QU2,Second 20%,2,4.2
FR,France,2018,QU3,Middle 20%,3,2.1
FR,France,2018,QU4,Fourth 20%,4,0.8
FR,France,2018,QU5,Highest 20%,5,0.3
FR,France,2019,TOTAL,Total,0,5.5
FR,France,2019,QU1,Lowest 20%,1,19.0
FR,France,2019,QU2,Second 20%,2,5.6
FR,France,2019,QU3,Middle 20%,3,2.1
FR,France,2019,QU4,Fourth 20%,4,0.7
FR,France,2019,QU5,Highest 20%,5,0.2
FR,France,2020,TOTAL,Total,0,5.6
FR,France,2020,QU1,Lowest 20%,1,20.4
FR,France,2020,QU2,Second 20%,2,5.1
FR,France,2020,QU3,Middle 20%,3,1.8
FR,France,2020,QU4,Fourth 20%,4,0.8
FR,France,2020,QU5,Highest 20%,5,0.3
FR,France,2022,TOTAL,Total,0,6.5
FR,France,2022,QU1,Lowest 20%,1,21.6
FR,France,2022,QU2,Second 20%,2,6.7
FR,France,2022,QU3,Middle 20%,3,2.7
FR,France,2022,QU4,Fourth 20%,4,0.7
FR,France,2022,QU5,Highest 20%,5,0.6
FR,France,2023,TOTAL,Total,0,6.5
FR,France,2023,QU1,Lowest 20%,1,24.2
FR,France,2023,QU2,Second 20%,2,5.4
FR,France,2023,QU3,Middle 20%,3,1.9
FR,France,2023,QU4,Fourth 20%,4,0.8
FR,France,2023,QU5,Highest 20%,5,0.3
FR,France,2024,TOTAL,Total,0,7.0
FR,France,2024,QU1,Lowest 20%,1,25.2
FR,France,2024,QU2,Second 20%,2,6.0
FR,France,2024,QU3,Middle 20%,3,2.3
FR,France,2024,QU4,Fourth 20%,4,0.8
FR,France,2024,QU5,Highest 20%,5,0.3
FR,France,2025,TOTAL,Total,0,6.4
FR,France,2025,QU1,Lowest 20%,1,22.6
FR,France,2025,QU2,Second 20%,2,6.0
FR,France,2025,QU3,Middle 20%,3,2.4
FR,France,2025,QU4,Fourth 20%,4,0.8
FR,France,2025,QU5,Highest 20%,5,0.3
IE,Ireland,2015,TOTAL,Total,0,4.7
IE,Ireland,2015,QU1,Lowest 20%,1,15.7
IE,Ireland,2015,QU2,Second 20%,2,4.6
IE,Ireland,2015,QU3,Middle 20%,3,2.1
IE,Ireland,2015,QU4,Fourth 20%,4,0.4
IE,Ireland,2015,QU5,Highest 20%,5,0.7
IE,Ireland,2016,TOTAL,Total,0,4.6
IE,Ireland,2016,QU1,Lowest 20%,1,16.3
IE,Ireland,2016,QU2,Second 20%,2,4.0
IE,Ireland,2016,QU3,Middle 20%,3,2.1
IE,Ireland,2016,QU4,Fourth 20%,4,0.3
IE,Ireland,2016,QU5,Highest 20%,5,0.2
IE,Ireland,2017,TOTAL,Total,0,4.5
IE,Ireland,2017,QU1,Lowest 20%,1,16.5
IE,Ireland,2017,QU2,Second 20%,2,3.6
IE,Ireland,2017,QU3,Middle 20%,3,2.4
IE,Ireland,2017,QU4,Fourth 20%,4,0.2
IE,Ireland,2017,QU5,Highest 20%,5,0.1
IE,Ireland,2018,TOTAL,Total,0,3.4
IE,Ireland,2018,QU1,Lowest 20%,1,12.5
IE,Ireland,2018,QU2,Second 20%,2,2.5
IE,Ireland,2018,QU3,Middle 20%,3,1.6
IE,Ireland,2018,QU4,Fourth 20%,4,0.6
IE,Ireland,2018,QU5,Highest 20%,5,0.0
IE,Ireland,2019,TOTAL,Total,0,5.2
IE,Ireland,2019,QU1,Lowest 20%,1,16.6
IE,Ireland,2019,QU2,Second 20%,2,4.9
IE,Ireland,2019,QU3,Middle 20%,3,2.1
IE,Ireland,2019,QU4,Fourth 20%,4,1.6
IE,Ireland,2019,QU5,Highest 20%,5,1.0
IE,Ireland,2020,TOTAL,Total,0,4.4
IE,Ireland,2020,QU1,Lowest 20%,1,14.4
IE,Ireland,2020,QU2,Second 20%,2,3.6
IE,Ireland,2020,QU3,Middle 20%,3,2.1
IE,Ireland,2020,QU4,Fourth 20%,4,1.4
IE,Ireland,2020,QU5,Highest 20%,5,0.6
IE,Ireland,2021,TOTAL,Total,0,2.6
IE,Ireland,2021,QU1,Lowest 20%,1,8.0
IE,Ireland,2021,QU2,Second 20%,2,2.4
IE,Ireland,2021,QU3,Middle 20%,3,1.3
IE,Ireland,2021,QU4,Fourth 20%,4,0.9
IE,Ireland,2021,QU5,Highest 20%,5,0.2
IE,Ireland,2022,TOTAL,Total,0,3.7
IE,Ireland,2022,QU1,Lowest 20%,1,12.1
IE,Ireland,2022,QU2,Second 20%,2,3.6
IE,Ireland,2022,QU3,Middle 20%,3,1.8
IE,Ireland,2022,QU4,Fourth 20%,4,0.7
IE,Ireland,2022,QU5,Highest 20%,5,0.5
IE,Ireland,2023,TOTAL,Total,0,4.7
IE,Ireland,2023,QU1,Lowest 20%,1,16.3
IE,Ireland,2023,QU2,Second 20%,2,5.2
IE,Ireland,2023,QU3,Middle 20%,3,0.8
IE,Ireland,2023,QU4,Fourth 20%,4,0.9
IE,Ireland,2023,QU5,Highest 20%,5,0.2
IE,Ireland,2024,TOTAL,Total,0,4.5
IE,Ireland,2024,QU1,Lowest 20%,1,13.6
IE,Ireland,2024,QU2,Second 20%,2,4.2
IE,Ireland,2024,QU3,Middle 20%,3,3.1
IE,Ireland,2024,QU4,Fourth 20%,4,0.9
IE,Ireland,2024,QU5,Highest 20%,5,0.9
IE,Ireland,2025,TOTAL,Total,0,5.3
IE,Ireland,2025,QU1,Lowest 20%,1,13.7
IE,Ireland,2025,QU2,Second 20%,2,7.5
IE,Ireland,2025,QU3,Middle 20%,3,2.9
IE,Ireland,2025,QU4,Fourth 20%,4,2.2
IE,Ireland,2025,QU5,Highest 20%,5,0.1
NL,Netherlands,2015,TOTAL,Total,0,14.9
NL,Netherlands,2015,QU1,Lowest 20%,1,41.3
NL,Netherlands,2015,QU2,Second 20%,2,14.3
NL,Netherlands,2015,QU3,Middle 20%,3,9.9
NL,Netherlands,2015,QU4,Fourth 20%,4,5.7
NL,Netherlands,2015,QU5,Highest 20%,5,4.0
NL,Netherlands,2016,TOTAL,Total,0,10.7
NL,Netherlands,2016,QU1,Lowest 20%,1,34.3
NL,Netherlands,2016,QU2,Second 20%,2,12.2
NL,Netherlands,2016,QU3,Middle 20%,3,4.8
NL,Netherlands,2016,QU4,Fourth 20%,4,1.5
NL,Netherlands,2016,QU5,Highest 20%,5,0.8
NL,Netherlands,2017,TOTAL,Total,0,9.4
NL,Netherlands,2017,QU1,Lowest 20%,1,32.6
NL,Netherlands,2017,QU2,Second 20%,2,9.8
NL,Netherlands,2017,QU3,Middle 20%,3,2.9
NL,Netherlands,2017,QU4,Fourth 20%,4,1.5
NL,Netherlands,2017,QU5,Highest 20%,5,0.3
NL,Netherlands,2018,TOTAL,Total,0,9.4
NL,Netherlands,2018,QU1,Lowest 20%,1,32.4
NL,Netherlands,2018,QU2,Second 20%,2,9.4
NL,Netherlands,2018,QU3,Middle 20%,3,3.8
NL,Netherlands,2018,QU4,Fourth 20%,4,1.4
NL,Netherlands,2018,QU5,Highest 20%,5,0.2
NL,Netherlands,2019,TOTAL,Total,0,9.9
NL,Netherlands,2019,QU1,Lowest 20%,1,32.0
NL,Netherlands,2019,QU2,Second 20%,2,10.2
NL,Netherlands,2019,QU3,Middle 20%,3,5.1
NL,Netherlands,2019,QU4,Fourth 20%,4,1.7
NL,Netherlands,2019,QU5,Highest 20%,5,0.7
NL,Netherlands,2020,TOTAL,Total,0,8.3
NL,Netherlands,2020,QU1,Lowest 20%,1,26.9
NL,Netherlands,2020,QU2,Second 20%,2,9.0
NL,Netherlands,2020,QU3,Middle 20%,3,3.4
NL,Netherlands,2020,QU4,Fourth 20%,4,1.9
NL,Netherlands,2020,QU5,Highest 20%,5,0.1
NL,Netherlands,2021,TOTAL,Total,0,8.3
NL,Netherlands,2021,QU1,Lowest 20%,1,27.8
NL,Netherlands,2021,QU2,Second 20%,2,9.2
NL,Netherlands,2021,QU3,Middle 20%,3,3.2
NL,Netherlands,2021,QU4,Fourth 20%,4,0.9
NL,Netherlands,2021,QU5,Highest 20%,5,0.3
NL,Netherlands,2022,TOTAL,Total,0,10.0
NL,Netherlands,2022,QU1,Lowest 20%,1,34.0
NL,Netherlands,2022,QU2,Second 20%,2,10.7
NL,Netherlands,2022,QU3,Middle 20%,3,3.5
NL,Netherlands,2022,QU4,Fourth 20%,4,1.2
NL,Netherlands,2022,QU5,Highest 20%,5,0.5
NL,Netherlands,2023,TOTAL,Total,0,9.3
NL,Netherlands,2023,QU1,Lowest 20%,1,28.9
NL,Netherlands,2023,QU2,Second 20%,2,10.7
NL,Netherlands,2023,QU3,Middle 20%,3,4.9
NL,Netherlands,2023,QU4,Fourth 20%,4,1.9
NL,Netherlands,2023,QU5,Highest 20%,5,0.3
NL,Netherlands,2024,TOTAL,Total,0,6.9
NL,Netherlands,2024,QU1,Lowest 20%,1,20.0
NL,Netherlands,2024,QU2,Second 20%,2,7.9
NL,Netherlands,2024,QU3,Middle 20%,3,3.7
NL,Netherlands,2024,QU4,Fourth 20%,4,2.2
NL,Netherlands,2024,QU5,Highest 20%,5,0.5
NL,Netherlands,2025,TOTAL,Total,0,6.5
NL,Netherlands,2025,QU1,Lowest 20%,1,23.0
NL,Netherlands,2025,QU2,Second 20%,2,5.4
NL,Netherlands,2025,QU3,Middle 20%,3,2.1
NL,Netherlands,2025,QU4,Fourth 20%,4,1.4
NL,Netherlands,2025,QU5,Highest 20%,5,0.6
PT,Portugal,2015,TOTAL,Total,0,9.1
PT,Portugal,2015,QU1,Lowest 20%,1,32.8
PT,Portugal,2015,QU2,Second 20%,2,8.2
PT,Portugal,2015,QU3,Middle 20%,3,3.0
PT,Portugal,2015,QU4,Fourth 20%,4,1.0
PT,Portugal,2015,QU5,Highest 20%,5,0.4
PT,Portugal,2016,TOTAL,Total,0,7.5
PT,Portugal,2016,QU1,Lowest 20%,1,27.9
PT,Portugal,2016,QU2,Second 20%,2,6.5
PT,Portugal,2016,QU3,Middle 20%,3,1.9
PT,Portugal,2016,QU4,Fourth 20%,4,1.1
PT,Portugal,2016,QU5,Highest 20%,5,0.2
PT,Portugal,2017,TOTAL,Total,0,6.7
PT,Portugal,2017,QU1,Lowest 20%,1,24.3
PT,Portugal,2017,QU2,Second 20%,2,5.6
PT,Portugal,2017,QU3,Middle 20%,3,2.0
PT,Portugal,2017,QU4,Fourth 20%,4,1.5
PT,Portugal,2017,QU5,Highest 20%,5,0.2
PT,Portugal,2018,TOTAL,Total,0,5.7
PT,Portugal,2018,QU1,Lowest 20%,1,20.4
PT,Portugal,2018,QU2,Second 20%,2,5.2
PT,Portugal,2018,QU3,Middle 20%,3,1.8
PT,Portugal,2018,QU4,Fourth 20%,4,1.0
PT,Portugal,2018,QU5,Highest 20%,5,0.2
PT,Portugal,2019,TOTAL,Total,0,5.7
PT,Portugal,2019,QU1,Lowest 20%,1,20.7
PT,Portugal,2019,QU2,Second 20%,2,5.1
PT,Portugal,2019,QU3,Middle 20%,3,2.1
PT,Portugal,2019,QU4,Fourth 20%,4,0.6
PT,Portugal,2019,QU5,Highest 20%,5,0.3
PT,Portugal,2020,TOTAL,Total,0,4.1
PT,Portugal,2020,QU1,Lowest 20%,1,14.4
PT,Portugal,2020,QU2,Second 20%,2,3.6
PT,Portugal,2020,QU3,Middle 20%,3,1.7
PT,Portugal,2020,QU4,Fourth 20%,4,0.6
PT,Portugal,2020,QU5,Highest 20%,5,0.1
PT,Portugal,2021,TOTAL,Total,0,5.9
PT,Portugal,2021,QU1,Lowest 20%,1,22.3
PT,Portugal,2021,QU2,Second 20%,2,4.0
PT,Portugal,2021,QU3,Middle 20%,3,2.0
PT,Portugal,2021,QU4,Fourth 20%,4,0.6
PT,Portugal,2021,QU5,Highest 20%,5,0.3
PT,Portugal,2022,TOTAL,Total,0,5.0
PT,Portugal,2022,QU1,Lowest 20%,1,17.5
PT,Portugal,2022,QU2,Second 20%,2,4.5
PT,Portugal,2022,QU3,Middle 20%,3,1.7
PT,Portugal,2022,QU4,Fourth 20%,4,1.1
PT,Portugal,2022,QU5,Highest 20%,5,0.3
PT,Portugal,2023,TOTAL,Total,0,4.9
PT,Portugal,2023,QU1,Lowest 20%,1,16.9
PT,Portugal,2023,QU2,Second 20%,2,4.4
PT,Portugal,2023,QU3,Middle 20%,3,2.0
PT,Portugal,2023,QU4,Fourth 20%,4,0.7
PT,Portugal,2023,QU5,Highest 20%,5,0.3
PT,Portugal,2024,TOTAL,Total,0,6.9
PT,Portugal,2024,QU1,Lowest 20%,1,24.1
PT,Portugal,2024,QU2,Second 20%,2,6.1
PT,Portugal,2024,QU3,Middle 20%,3,2.5
PT,Portugal,2024,QU4,Fourth 20%,4,1.0
PT,Portugal,2024,QU5,Highest 20%,5,0.6
PT,Portugal,2025,TOTAL,Total,0,6.3
PT,Portugal,2025,QU1,Lowest 20%,1,21.4
PT,Portugal,2025,QU2,Second 20%,2,6.0
PT,Portugal,2025,QU3,Middle 20%,3,2.5
PT,Portugal,2025,QU4,Fourth 20%,4,1.0
PT,Portugal,2025,QU5,Highest 20%,5,0.4
