country_code,country,year,urbanisation_code,urbanisation_group,urbanisation_order,housing_overburden_rate
BE,Belgium,2015,DEG1,Cities,1,14.3
BE,Belgium,2015,DEG2,Towns and suburbs,2,7.7
BE,Belgium,2015,DEG3,Rural areas,3,6.7
BE,Belgium,2016,DEG1,Cities,1,16.2
BE,Belgium,2016,DEG2,Towns and suburbs,2,7.3
BE,Belgium,2016,DEG3,Rural areas,3,7.1
BE,Belgium,2017,DEG1,Cities,1,15.2
BE,Belgium,2017,DEG2,Towns and suburbs,2,7.4
BE,Belgium,2017,DEG3,Rural areas,3,6.9
BE,Belgium,2018,DEG1,Cities,1,14.6
BE,Belgium,2018,DEG2,Towns and suburbs,2,6.9
BE,Belgium,2018,DEG3,Rural areas,3,6.0
BE,Belgium,2019,DEG1,Cities,1,13.0
BE,Belgium,2019,DEG2,Towns and suburbs,2,6.5
BE,Belgium,2019,DEG3,Rural areas,3,6.3
BE,Belgium,2020,DEG1,Cities,1,11.9
BE,Belgium,2020,DEG2,Towns and suburbs,2,6.1
BE,Belgium,2020,DEG3,Rural areas,3,5.3
BE,Belgium,2021,DEG1,Cities,1,12.6
BE,Belgium,2021,DEG2,Towns and suburbs,2,5.7
BE,Belgium,2021,DEG3,Rural areas,3,4.3
BE,Belgium,2022,DEG1,Cities,1,11.9
BE,Belgium,2022,DEG2,Towns and suburbs,2,5.8
BE,Belgium,2022,DEG3,Rural areas,3,4.9
BE,Belgium,2023,DEG1,Cities,1,11.1
BE,Belgium,2023,DEG2,Towns and suburbs,2,6.2
BE,Belgium,2023,DEG3,Rural areas,3,6.7
BE,Belgium,2024,DEG1,Cities,1,11.1
BE,Belgium,2024,DEG2,Towns and suburbs,2,5.0
BE,Belgium,2024,DEG3,Rural areas,3,4.7
BE,Belgium,2025,DEG1,Cities,1,11.8
BE,Belgium,2025,DEG2,Towns and suburbs,2,4.6
BE,Belgium,2025,DEG3,Rural areas,3,4.4
DE,Germany,2015,DEG1,Cities,1,19.1
DE,Germany,2015,DEG2,Towns and suburbs,2,14.5
DE,Germany,2015,DEG3,Rural areas,3,12.0
DE,Germany,2016,DEG1,Cities,1,19.6
DE,Germany,2016,DEG2,Towns and suburbs,2,14.5
DE,Germany,2016,DEG3,Rural areas,3,12.2
DE,Germany,2017,DEG1,Cities,1,17.9
DE,Germany,2017,DEG2,Towns and suburbs,2,13.4
DE,Germany,2017,DEG3,Rural areas,3,11.0
DE,Germany,2018,DEG1,Cities,1,17.6
DE,Germany,2018,DEG2,Towns and suburbs,2,13.3
DE,Germany,2018,DEG3,Rural areas,3,10.4
DE,Germany,2019,DEG1,Cities,1,16.2
DE,Germany,2019,DEG2,Towns and suburbs,2,12.7
DE,Germany,2019,DEG3,Rural areas,3,12.4
DE,Germany,2020,DEG1,Cities,1,11.4
DE,Germany,2020,DEG2,Towns and suburbs,2,7.8
DE,Germany,2020,DEG3,Rural areas,3,6.8
DE,Germany,2021,DEG1,Cities,1,12.4
DE,Germany,2021,DEG2,Towns and suburbs,2,10.7
DE,Germany,2021,DEG3,Rural areas,3,8.6
DE,Germany,2022,DEG1,Cities,1,13.1
DE,Germany,2022,DEG2,Towns and suburbs,2,11.5
DE,Germany,2022,DEG3,Rural areas,3,10.5
DE,Germany,2023,DEG1,Cities,1,14.2
DE,Germany,2023,DEG2,Towns and suburbs,2,12.7
DE,Germany,2023,DEG3,Rural areas,3,11.3
DE,Germany,2024,DEG1,Cities,1,13.1
DE,Germany,2024,DEG2,Towns and suburbs,2,11.6
DE,Germany,2024,DEG3,Rural areas,3,10.5
DE,Germany,2025,DEG1,Cities,1,12.6
DE,Germany,2025,DEG2,Towns and suburbs,2,10.7
DE,Germany,2025,DEG3,Rural areas,3,9.2
ES,Spain,2015,DEG1,Cities,1,11.2
ES,Spain,2015,DEG2,Towns and suburbs,2,10.5
ES,Spain,2015,DEG3,Rural areas,3,8.6
ES,Spain,2016,DEG1,Cities,1,12.1
ES,Spain,2016,DEG2,Towns and suburbs,2,9.5
ES,Spain,2016,DEG3,Rural areas,3,6.8
ES,Spain,2017,DEG1,Cities,1,11.3
ES,Spain,2017,DEG2,Towns and suburbs,2,9.8
ES,Spain,2017,DEG3,Rural areas,3,6.9
ES,Spain,2018,DEG1,Cities,1,10.0
ES,Spain,2018,DEG2,Towns and suburbs,2,9.6
ES,Spain,2018,DEG3,Rural areas,3,6.0
ES,Spain,2019,DEG1,Cities,1,10.4
ES,Spain,2019,DEG2,Towns and suburbs,2,9.1
ES,Spain,2019,DEG3,Rural areas,3,4.6
ES,Spain,2020,DEG1,Cities,1,10.1
ES,Spain,2020,DEG2,Towns and suburbs,2,7.5
ES,Spain,2020,DEG3,Rural areas,3,5.1
ES,Spain,2021,DEG1,Cities,1,11.4
ES,Spain,2021,DEG2,Towns and suburbs,2,9.0
ES,Spain,2021,DEG3,Rural areas,3,5.3
ES,Spain,2022,DEG1,Cities,1,11.0
ES,Spain,2022,DEG2,Towns and suburbs,2,8.0
ES,Spain,2022,DEG3,Rural areas,3,4.7
ES,Spain,2023,DEG1,Cities,1,9.2
ES,Spain,2023,DEG2,Towns and suburbs,2,7.7
ES,Spain,2023,DEG3,Rural areas,3,5.6
ES,Spain,2024,DEG1,Cities,1,8.4
ES,Spain,2024,DEG2,Towns and suburbs,2,7.8
ES,Spain,2024,DEG3,Rural areas,3,4.9
ES,Spain,2025,DEG1,Cities,1,8.2
ES,Spain,2025,DEG2,Towns and suburbs,2,6.8
ES,Spain,2025,DEG3,Rural areas,3,3.9
FR,France,2015,DEG1,Cities,1,7.5
FR,France,2015,DEG2,Towns and suburbs,2,5.4
FR,France,2015,DEG3,Rural areas,3,3.4
FR,France,2016,DEG1,Cities,1,7.6
FR,France,2016,DEG2,Towns and suburbs,2,3.8
FR,France,2016,DEG3,Rural areas,3,3.0
FR,France,2017,DEG1,Cities,1,7.3
FR,France,2017,DEG2,Towns and suburbs,2,4.0
FR,France,2017,DEG3,Rural areas,3,2.5
FR,France,2018,DEG1,Cities,1,6.3
FR,France,2018,DEG2,Towns and suburbs,2,4.5
FR,France,2018,DEG3,Rural areas,3,2.4
FR,France,2019,DEG1,Cities,1,9.0
FR,France,2019,DEG2,Towns and suburbs,2,4.5
FR,France,2019,DEG3,Rural areas,3,2.8
FR,France,2020,DEG1,Cities,1,8.4
FR,France,2020,DEG2,Towns and suburbs,2,4.7
FR,France,2020,DEG3,Rural areas,3,3.4
FR,France,2022,DEG1,Cities,1,9.9
FR,France,2022,DEG2,Towns and suburbs,2,5.8
FR,France,2022,DEG3,Rural areas,3,3.4
FR,France,2023,DEG1,Cities,1,9.2
FR,France,2023,DEG2,Towns and suburbs,2,6.3
FR,France,2023,DEG3,Rural areas,3,3.8
FR,France,2024,DEG1,Cities,1,9.4
FR,France,2024,DEG2,Towns and suburbs,2,7.5
FR,France,2024,DEG3,Rural areas,3,3.9
FR,France,2025,DEG1,Cities,1,9.0
FR,France,2025,DEG2,Towns and suburbs,2,6.5
FR,France,2025,DEG3,Rural areas,3,3.2
IE,Ireland,2015,DEG1,Cities,1,6.6
IE,Ireland,2015,DEG2,Towns and suburbs,2,4.5
IE,Ireland,2015,DEG3,Rural areas,3,3.3
IE,Ireland,2016,DEG1,Cities,1,6.6
IE,Ireland,2016,DEG2,Towns and suburbs,2,4.4
IE,Ireland,2016,DEG3,Rural areas,3,3.1
IE,Ireland,2017,DEG1,Cities,1,6.2
IE,Ireland,2017,DEG2,Towns and suburbs,2,5.3
IE,Ireland,2017,DEG3,Rural areas,3,2.7
IE,Ireland,2018,DEG1,Cities,1,4.5
IE,Ireland,2018,DEG2,Towns and suburbs,2,3.9
IE,Ireland,2018,DEG3,Rural areas,3,2.2
IE,Ireland,2019,DEG1,Cities,1,7.5
IE,Ireland,2019,DEG2,Towns and suburbs,2,5.9
IE,Ireland,2019,DEG3,Rural areas,3,2.9
IE,Ireland,2020,DEG1,Cities,1,7.3
IE,Ireland,2020,DEG2,Towns and suburbs,2,3.9
IE,Ireland,2020,DEG3,Rural areas,3,1.9
IE,Ireland,2021,DEG1,Cities,1,4.8
IE,Ireland,2021,DEG2,Towns and suburbs,2,1.3
IE,Ireland,2021,DEG3,Rural areas,3,1.5
IE,Ireland,2022,DEG1,Cities,1,5.1
IE,Ireland,2022,DEG2,Towns and suburbs,2,4.0
IE,Ireland,2022,DEG3,Rural areas,3,2.3
IE,Ireland,2023,DEG1,Cities,1,5.2
IE,Ireland,2023,DEG2,Towns and suburbs,2,3.9
IE,Ireland,2023,DEG3,Rural areas,3,4.7
IE,Ireland,2024,DEG1,Cities,1,5.7
IE,Ireland,2024,DEG2,Towns and suburbs,2,4.2
IE,Ireland,2024,DEG3,Rural areas,3,3.9
IE,Ireland,2025,DEG1,Cities,1,8.7
IE,Ireland,2025,DEG2,Towns and suburbs,2,4.5
IE,Ireland,2025,DEG3,Rural areas,3,3.4
NL,Netherlands,2015,DEG1,Cities,1,18.4
NL,Netherlands,2015,DEG2,Towns and suburbs,2,12.9
NL,Netherlands,2015,DEG3,Rural areas,3,9.7
NL,Netherlands,2016,DEG1,Cities,1,13.5
NL,Netherlands,2016,DEG2,Towns and suburbs,2,7.7
NL,Netherlands,2016,DEG3,Rural areas,3,5.9
NL,Netherlands,2017,DEG1,Cities,1,12.2
NL,Netherlands,2017,DEG2,Towns and suburbs,2,6.1
NL,Netherlands,2017,DEG3,Rural areas,3,5.1
NL,Netherlands,2018,DEG1,Cities,1,12.1
NL,Netherlands,2018,DEG2,Towns and suburbs,2,6.4
NL,Netherlands,2018,DEG3,Rural areas,3,4.6
NL,Netherlands,2019,DEG1,Cities,1,12.9
NL,Netherlands,2019,DEG2,Towns and suburbs,2,6.3
NL,Netherlands,2019,DEG3,Rural areas,3,5.6
NL,Netherlands,2020,DEG1,Cities,1,10.7
NL,Netherlands,2020,DEG2,Towns and suburbs,2,5.3
NL,Netherlands,2020,DEG3,Rural areas,3,5.0
NL,Netherlands,2021,DEG1,Cities,1,10.5
NL,Netherlands,2021,DEG2,Towns and suburbs,2,5.4
NL,Netherlands,2021,DEG3,Rural areas,3,5.3
NL,Netherlands,2022,DEG1,Cities,1,12.1
NL,Netherlands,2022,DEG2,Towns and suburbs,2,7.6
NL,Netherlands,2022,DEG3,Rural areas,3,6.1
NL,Netherlands,2023,DEG1,Cities,1,11.7
NL,Netherlands,2023,DEG2,Towns and suburbs,2,6.5
NL,Netherlands,2023,DEG3,Rural areas,3,5.4
NL,Netherlands,2024,DEG1,Cities,1,9.6
NL,Netherlands,2024,DEG2,Towns and suburbs,2,3.6
NL,Netherlands,2024,DEG3,Rural areas,3,3.3
NL,Netherlands,2025,DEG1,Cities,1,8.8
NL,Netherlands,2025,DEG2,Towns and suburbs,2,3.9
NL,Netherlands,2025,DEG3,Rural areas,3,3.0
PT,Portugal,2015,DEG1,Cities,1,9.5
PT,Portugal,2015,DEG2,Towns and suburbs,2,10.0
PT,Portugal,2015,DEG3,Rural areas,3,7.3
PT,Portugal,2016,DEG1,Cities,1,8.2
PT,Portugal,2016,DEG2,Towns and suburbs,2,7.9
PT,Portugal,2016,DEG3,Rural areas,3,5.9
PT,Portugal,2017,DEG1,Cities,1,7.9
PT,Portugal,2017,DEG2,Towns and suburbs,2,6.4
PT,Portugal,2017,DEG3,Rural areas,3,5.0
PT,Portugal,2018,DEG1,Cities,1,6.0
PT,Portugal,2018,DEG2,Towns and suburbs,2,6.0
PT,Portugal,2018,DEG3,Rural areas,3,5.1
PT,Portugal,2019,DEG1,Cities,1,7.3
PT,Portugal,2019,DEG2,Towns and suburbs,2,4.4
PT,Portugal,2019,DEG3,Rural areas,3,4.6
PT,Portugal,2020,DEG1,Cities,1,4.8
PT,Portugal,2020,DEG2,Towns and suburbs,2,3.7
PT,Portugal,2020,DEG3,Rural areas,3,3.2
PT,Portugal,2021,DEG1,Cities,1,6.6
PT,Portugal,2021,DEG2,Towns and suburbs,2,5.8
PT,Portugal,2021,DEG3,Rural areas,3,4.5
PT,Portugal,2022,DEG1,Cities,1,5.4
PT,Portugal,2022,DEG2,Towns and suburbs,2,5.1
PT,Portugal,2022,DEG3,Rural areas,3,4.1
PT,Portugal,2023,DEG1,Cities,1,6.2
PT,Portugal,2023,DEG2,Towns and suburbs,2,3.7
PT,Portugal,2023,DEG3,Rural areas,3,3.6
PT,Portugal,2024,DEG1,Cities,1,8.2
PT,Portugal,2024,DEG2,Towns and suburbs,2,7.0
PT,Portugal,2024,DEG3,Rural areas,3,3.9
PT,Portugal,2025,DEG1,Cities,1,7.7
PT,Portugal,2025,DEG2,Towns and suburbs,2,6.2
PT,Portugal,2025,DEG3,Rural areas,3,3.3
