country_code,country,year,hpi_2015_100,hpi_quarters_available,rent_2015_100,rent_quarters_available,market_is_full_year
BE,Belgium,2015,100.0,4,100.0,4,True
BE,Belgium,2016,102.33,4,100.95,4,True
BE,Belgium,2017,105.95,4,102.04,4,True
BE,Belgium,2018,109.15,4,103.11,4,True
BE,Belgium,2019,113.23,4,104.19,4,True
BE,Belgium,2020,118.09,4,106.98,4,True
BE,Belgium,2021,125.96,4,109.13,4,True
BE,Belgium,2022,132.93,4,112.96,4,True
BE,Belgium,2023,136.04,4,119.67,4,True
BE,Belgium,2024,140.41,4,125.59,4,True
BE,Belgium,2025,144.85,4,130.28,4,True
BE,Belgium,2026,145.89,2,133.85,3,False
DE,Germany,2015,100.0,4,100.0,4,True
DE,Germany,2016,107.44,4,101.21,4,True
DE,Germany,2017,114.08,4,102.9,4,True
DE,Germany,2018,121.64,4,104.56,4,True
DE,Germany,2019,128.66,4,106.1,4,True
DE,Germany,2020,138.62,4,107.58,4,True
DE,Germany,2021,154.73,4,108.99,4,True
DE,Germany,2022,164.04,4,110.8,4,True
DE,Germany,2023,150.26,4,113.04,4,True
DE,Germany,2024,147.94,4,115.46,4,True
DE,Germany,2025,152.67,4,117.89,4,True
DE,Germany,2026,153.36,2,120.08,3,False
ES,Spain,2015,100.0,4,100.0,4,True
ES,Spain,2016,104.62,4,99.91,4,True
ES,Spain,2017,111.1,4,100.32,4,True
ES,Spain,2018,118.58,4,101.59,4,True
ES,Spain,2019,124.71,4,103.16,4,True
ES,Spain,2020,127.5,4,104.33,4,True
ES,Spain,2021,132.19,4,104.96,4,True
ES,Spain,2022,141.98,4,106.36,4,True
ES,Spain,2023,147.69,4,108.55,4,True
ES,Spain,2024,160.25,4,110.93,4,True
ES,Spain,2025,180.6,4,113.61,4,True
ES,Spain,2026,197.34,2,116.08,3,False
FR,France,2015,100.0,4,100.0,4,True
FR,France,2016,101.04,4,100.32,4,True
FR,France,2017,104.24,4,100.51,4,True
FR,France,2018,107.29,4,100.25,4,True
FR,France,2019,110.86,4,100.66,4,True
FR,France,2020,116.62,4,101.05,4,True
FR,France,2021,124.13,4,101.91,4,True
FR,France,2022,131.82,4,102.6,4,True
FR,France,2023,131.25,4,104.78,4,True
FR,France,2024,126.39,4,107.23,4,True
FR,France,2025,127.26,4,109.72,4,True
FR,France,2026,126.06,2,111.32,3,False
IE,Ireland,2015,100.0,4,100.0,4,True
IE,Ireland,2016,107.46,4,108.7,4,True
IE,Ireland,2017,119.14,4,115.94,4,True
IE,Ireland,2018,131.33,4,123.36,4,True
IE,Ireland,2019,134.4,4,129.92,4,True
IE,Ireland,2020,134.82,4,130.13,4,True
IE,Ireland,2021,145.98,4,133.77,4,True
IE,Ireland,2022,163.96,4,146.87,4,True
IE,Ireland,2023,168.99,4,157.73,4,True
IE,Ireland,2024,183.38,4,166.05,4,True
IE,Ireland,2025,197.18,4,173.6,4,True
IE,Ireland,2026,205.44,2,180.75,3,False
NL,Netherlands,2015,100.0,4,100.0,4,True
NL,Netherlands,2016,105.28,4,102.08,4,True
NL,Netherlands,2017,113.79,4,103.92,4,True
NL,Netherlands,2018,124.39,4,105.95,4,True
NL,Netherlands,2019,133.38,4,108.54,4,True
NL,Netherlands,2020,144.06,4,111.5,4,True
NL,Netherlands,2021,164.92,4,113.56,4,True
NL,Netherlands,2022,186.83,4,115.68,4,True
NL,Netherlands,2023,183.25,4,118.52,4,True
NL,Netherlands,2024,198.23,4,122.94,4,True
NL,Netherlands,2025,215.13,4,129.26,4,True
NL,Netherlands,2026,222.01,2,134.29,3,False
PT,Portugal,2015,100.0,4,100.0,4,True
PT,Portugal,2016,107.11,4,101.7,4,True
PT,Portugal,2017,117.01,4,102.72,4,True
PT,Portugal,2018,129.03,4,104.66,4,True
PT,Portugal,2019,141.88,4,107.97,4,True
PT,Portugal,2020,154.31,4,110.76,4,True
PT,Portugal,2021,168.83,4,112.76,4,True
PT,Portugal,2022,190.16,4,115.79,4,True
PT,Portugal,2023,205.75,4,121.06,4,True
PT,Portugal,2024,224.43,4,129.5,4,True
PT,Portugal,2025,263.83,4,136.37,4,True
PT,Portugal,2026,296.18,2,142.58,3,False
