country_code,country,period,year,quarter,mortgage_rate
BE,Belgium,2015-Q1,2015,1,2.6033
BE,Belgium,2015-Q2,2015,2,2.4567
BE,Belgium,2015-Q3,2015,3,2.4467
BE,Belgium,2015-Q4,2015,4,2.45
BE,Belgium,2016-Q1,2016,1,2.3233
BE,Belgium,2016-Q2,2016,2,2.0833
BE,Belgium,2016-Q3,2016,3,2.02
BE,Belgium,2016-Q4,2016,4,1.9967
BE,Belgium,2017-Q1,2017,1,2.0633
BE,Belgium,2017-Q2,2017,2,2.14
BE,Belgium,2017-Q3,2017,3,2.1233
BE,Belgium,2017-Q4,2017,4,2.04
BE,Belgium,2018-Q1,2018,1,1.9867
BE,Belgium,2018-Q2,2018,2,1.9333
BE,Belgium,2018-Q3,2018,3,1.83
BE,Belgium,2018-Q4,2018,4,1.8433
BE,Belgium,2019-Q1,2019,1,1.89
BE,Belgium,2019-Q2,2019,2,1.8233
BE,Belgium,2019-Q3,2019,3,1.7467
BE,Belgium,2019-Q4,2019,4,1.6633
BE,Belgium,2020-Q1,2020,1,1.7067
BE,Belgium,2020-Q2,2020,2,1.6133
BE,Belgium,2020-Q3,2020,3,1.5
BE,Belgium,2020-Q4,2020,4,1.4733
BE,Belgium,2021-Q1,2021,1,1.4367
BE,Belgium,2021-Q2,2021,2,1.4333
BE,Belgium,2021-Q3,2021,3,1.47
BE,Belgium,2021-Q4,2021,4,1.4867
BE,Belgium,2022-Q1,2022,1,1.5233
BE,Belgium,2022-Q2,2022,2,1.7867
BE,Belgium,2022-Q3,2022,3,2.3467
BE,Belgium,2022-Q4,2022,4,2.9
BE,Belgium,2023-Q1,2023,1,3.3167
BE,Belgium,2023-Q2,2023,2,3.5467
BE,Belgium,2023-Q3,2023,3,3.68
BE,Belgium,2023-Q4,2023,4,3.83
BE,Belgium,2024-Q1,2024,1,3.6133
BE,Belgium,2024-Q2,2024,2,3.43
BE,Belgium,2024-Q3,2024,3,3.3833
BE,Belgium,2024-Q4,2024,4,3.21
BE,Belgium,2025-Q1,2025,1,3.07
BE,Belgium,2025-Q2,2025,2,3.1933
BE,Belgium,2025-Q3,2025,3,3.3067
BE,Belgium,2025-Q4,2025,4,3.4
BE,Belgium,2026-Q1,2026,1,3.45
BE,Belgium,2026-Q2,2026,2,3.5533
BE,Belgium,2026-Q3,2026,3,3.67
DE,Germany,2015-Q1,2015,1,1.9333
DE,Germany,2015-Q2,2015,2,1.83
DE,Germany,2015-Q3,2015,3,2.0267
DE,Germany,2015-Q4,2015,4,2.0067
DE,Germany,2016-Q1,2016,1,1.9167
DE,Germany,2016-Q2,2016,2,1.81
DE,Germany,2016-Q3,2016,3,1.6833
DE,Germany,2016-Q4,2016,4,1.6333
DE,Germany,2017-Q1,2017,1,1.8
DE,Germany,2017-Q2,2017,2,1.8333
DE,Germany,2017-Q3,2017,3,1.85
DE,Germany,2017-Q4,2017,4,1.8267
DE,Germany,2018-Q1,2018,1,1.85
DE,Germany,2018-Q2,2018,2,1.9
DE,Germany,2018-Q3,2018,3,1.87
DE,Germany,2018-Q4,2018,4,1.8633
DE,Germany,2019-Q1,2019,1,1.7933
DE,Germany,2019-Q2,2019,2,1.6233
DE,Germany,2019-Q3,2019,3,1.3833
DE,Germany,2019-Q4,2019,4,1.2733
DE,Germany,2020-Q1,2020,1,1.28
DE,Germany,2020-Q2,2020,2,1.3067
DE,Germany,2020-Q3,2020,3,1.2367
DE,Germany,2020-Q4,2020,4,1.1733
DE,Germany,2021-Q1,2021,1,1.18
DE,Germany,2021-Q2,2021,2,1.2633
DE,Germany,2021-Q3,2021,3,1.28
DE,Germany,2021-Q4,2021,4,1.3067
DE,Germany,2022-Q1,2022,1,1.4833
DE,Germany,2022-Q2,2022,2,2.2533
DE,Germany,2022-Q3,2022,3,2.8833
DE,Germany,2022-Q4,2022,4,3.4567
DE,Germany,2023-Q1,2023,1,3.7767
DE,Germany,2023-Q2,2023,2,3.9767
DE,Germany,2023-Q3,2023,3,4.0933
DE,Germany,2023-Q4,2023,4,4.15
DE,Germany,2024-Q1,2024,1,3.8533
DE,Germany,2024-Q2,2024,2,3.9067
DE,Germany,2024-Q3,2024,3,3.8267
DE,Germany,2024-Q4,2024,4,3.6
DE,Germany,2025-Q1,2025,1,3.5667
DE,Germany,2025-Q2,2025,2,3.6767
DE,Germany,2025-Q3,2025,3,3.71
DE,Germany,2025-Q4,2025,4,3.7067
DE,Germany,2026-Q1,2026,1,3.7533
DE,Germany,2026-Q2,2026,2,3.9067
DE,Germany,2026-Q3,2026,3,3.97
ES,Spain,2015-Q1,2015,1,2.47
ES,Spain,2015-Q2,2015,2,2.2533
ES,Spain,2015-Q3,2015,3,2.1767
ES,Spain,2015-Q4,2015,4,2.0767
ES,Spain,2016-Q1,2016,1,2.0167
ES,Spain,2016-Q2,2016,2,2.0433
ES,Spain,2016-Q3,2016,3,2.0167
ES,Spain,2016-Q4,2016,4,1.9667
ES,Spain,2017-Q1,2017,1,1.97
ES,Spain,2017-Q2,2017,2,1.9233
ES,Spain,2017-Q3,2017,3,1.99
ES,Spain,2017-Q4,2017,4,1.9067
ES,Spain,2018-Q1,2018,1,1.96
ES,Spain,2018-Q2,2018,2,1.94
ES,Spain,2018-Q3,2018,3,1.96
ES,Spain,2018-Q4,2018,4,2.0067
ES,Spain,2019-Q1,2019,1,2.1133
ES,Spain,2019-Q2,2019,2,2.1267
ES,Spain,2019-Q3,2019,3,1.95
ES,Spain,2019-Q4,2019,4,1.7633
ES,Spain,2020-Q1,2020,1,1.81
ES,Spain,2020-Q2,2020,2,1.75
ES,Spain,2020-Q3,2020,3,1.75
ES,Spain,2020-Q4,2020,4,1.6233
ES,Spain,2021-Q1,2021,1,1.5433
ES,Spain,2021-Q2,2021,2,1.4933
ES,Spain,2021-Q3,2021,3,1.4767
ES,Spain,2021-Q4,2021,4,1.43
ES,Spain,2022-Q1,2022,1,1.5
ES,Spain,2022-Q2,2022,2,1.6333
ES,Spain,2022-Q3,2022,3,2.0167
ES,Spain,2022-Q4,2022,4,2.7467
ES,Spain,2023-Q1,2023,1,3.4667
ES,Spain,2023-Q2,2023,2,3.7633
ES,Spain,2023-Q3,2023,3,3.8967
ES,Spain,2023-Q4,2023,4,3.8567
ES,Spain,2024-Q1,2024,1,3.5667
ES,Spain,2024-Q2,2024,2,3.4467
ES,Spain,2024-Q3,2024,3,3.3233
ES,Spain,2024-Q4,2024,4,3.0467
ES,Spain,2025-Q1,2025,1,2.8533
ES,Spain,2025-Q2,2025,2,2.7133
ES,Spain,2025-Q3,2025,3,2.6567
ES,Spain,2025-Q4,2025,4,2.6367
ES,Spain,2026-Q1,2026,1,2.7267
ES,Spain,2026-Q2,2026,2,2.8467
ES,Spain,2026-Q3,2026,3,2.965
FR,France,2015-Q1,2015,1,2.5033
FR,France,2015-Q2,2015,2,2.2467
FR,France,2015-Q3,2015,3,2.1833
FR,France,2015-Q4,2015,4,2.31
FR,France,2016-Q1,2016,1,2.25
FR,France,2016-Q2,2016,2,1.9733
FR,France,2016-Q3,2016,3,1.7233
FR,France,2016-Q4,2016,4,1.55
FR,France,2017-Q1,2017,1,1.5233
FR,France,2017-Q2,2017,2,1.59
FR,France,2017-Q3,2017,3,1.64
FR,France,2017-Q4,2017,4,1.6333
FR,France,2018-Q1,2018,1,1.6
FR,France,2018-Q2,2018,2,1.5633
FR,France,2018-Q3,2018,3,1.5267
FR,France,2018-Q4,2018,4,1.4967
FR,France,2019-Q1,2019,1,1.5033
FR,France,2019-Q2,2019,2,1.44
FR,France,2019-Q3,2019,3,1.3067
FR,France,2019-Q4,2019,4,1.2
FR,France,2020-Q1,2020,1,1.1833
FR,France,2020-Q2,2020,2,1.2933
FR,France,2020-Q3,2020,3,1.3
FR,France,2020-Q4,2020,4,1.2633
FR,France,2021-Q1,2021,1,1.21
FR,France,2021-Q2,2021,2,1.1367
FR,France,2021-Q3,2021,3,1.1233
FR,France,2021-Q4,2021,4,1.12
FR,France,2022-Q1,2022,1,1.13
FR,France,2022-Q2,2022,2,1.2667
FR,France,2022-Q3,2022,3,1.57
FR,France,2022-Q4,2022,4,1.91
FR,France,2023-Q1,2023,1,2.3633
FR,France,2023-Q2,2023,2,2.88
FR,France,2023-Q3,2023,3,3.2767
FR,France,2023-Q4,2023,4,3.5167
FR,France,2024-Q1,2024,1,3.5333
FR,France,2024-Q2,2024,2,3.4733
FR,France,2024-Q3,2024,3,3.37
FR,France,2024-Q4,2024,4,3.1933
FR,France,2025-Q1,2025,1,3.06
FR,France,2025-Q2,2025,2,3.0133
FR,France,2025-Q3,2025,3,3.0
FR,France,2025-Q4,2025,4,2.99
FR,France,2026-Q1,2026,1,3.0833
FR,France,2026-Q2,2026,2,3.1233
FR,France,2026-Q3,2026,3,3.185
IE,Ireland,2015-Q1,2015,1,3.5767
IE,Ireland,2015-Q2,2015,2,3.4933
IE,Ireland,2015-Q3,2015,3,3.4367
IE,Ireland,2015-Q4,2015,4,3.4833
IE,Ireland,2016-Q1,2016,1,3.3467
IE,Ireland,2016-Q2,2016,2,3.28
IE,Ireland,2016-Q3,2016,3,3.21
IE,Ireland,2016-Q4,2016,4,3.2267
IE,Ireland,2017-Q1,2017,1,3.1767
IE,Ireland,2017-Q2,2017,2,3.22
IE,Ireland,2017-Q3,2017,3,3.21
IE,Ireland,2017-Q4,2017,4,3.14
IE,Ireland,2018-Q1,2018,1,3.0567
IE,Ireland,2018-Q2,2018,2,3.0133
IE,Ireland,2018-Q3,2018,3,3.0
IE,Ireland,2018-Q4,2018,4,2.95
IE,Ireland,2019-Q1,2019,1,2.9533
IE,Ireland,2019-Q2,2019,2,2.9633
IE,Ireland,2019-Q3,2019,3,2.93
IE,Ireland,2019-Q4,2019,4,2.88
IE,Ireland,2020-Q1,2020,1,2.8333
IE,Ireland,2020-Q2,2020,2,2.8033
IE,Ireland,2020-Q3,2020,3,2.8133
IE,Ireland,2020-Q4,2020,4,2.7867
IE,Ireland,2021-Q1,2021,1,2.7933
IE,Ireland,2021-Q2,2021,2,2.7233
IE,Ireland,2021-Q3,2021,3,2.7267
IE,Ireland,2021-Q4,2021,4,2.7067
IE,Ireland,2022-Q1,2022,1,2.7667
IE,Ireland,2022-Q2,2022,2,2.7433
IE,Ireland,2022-Q3,2022,3,2.6933
IE,Ireland,2022-Q4,2022,4,2.69
IE,Ireland,2023-Q1,2023,1,3.13
IE,Ireland,2023-Q2,2023,2,3.7567
IE,Ireland,2023-Q3,2023,3,4.1067
IE,Ireland,2023-Q4,2023,4,4.2233
IE,Ireland,2024-Q1,2024,1,4.27
IE,Ireland,2024-Q2,2024,2,4.1433
IE,Ireland,2024-Q3,2024,3,4.05
IE,Ireland,2024-Q4,2024,4,3.8433
IE,Ireland,2025-Q1,2025,1,3.7067
IE,Ireland,2025-Q2,2025,2,3.61
IE,Ireland,2025-Q3,2025,3,3.5567
IE,Ireland,2025-Q4,2025,4,3.5067
IE,Ireland,2026-Q1,2026,1,3.4733
IE,Ireland,2026-Q2,2026,2,3.4533
IE,Ireland,2026-Q3,2026,3,3.45
NL,Netherlands,2015-Q1,2015,1,3.0867
NL,Netherlands,2015-Q2,2015,2,2.92
NL,Netherlands,2015-Q3,2015,3,2.9
NL,Netherlands,2015-Q4,2015,4,2.83
NL,Netherlands,2016-Q1,2016,1,2.7567
NL,Netherlands,2016-Q2,2016,2,2.64
NL,Netherlands,2016-Q3,2016,3,2.5467
NL,Netherlands,2016-Q4,2016,4,2.4033
NL,Netherlands,2017-Q1,2017,1,2.39
NL,Netherlands,2017-Q2,2017,2,2.4167
NL,Netherlands,2017-Q3,2017,3,2.42
NL,Netherlands,2017-Q4,2017,4,2.4033
NL,Netherlands,2018-Q1,2018,1,2.3833
NL,Netherlands,2018-Q2,2018,2,2.41
NL,Netherlands,2018-Q3,2018,3,2.4033
NL,Netherlands,2018-Q4,2018,4,2.4033
NL,Netherlands,2019-Q1,2019,1,2.4067
NL,Netherlands,2019-Q2,2019,2,2.3133
NL,Netherlands,2019-Q3,2019,3,2.1967
NL,Netherlands,2019-Q4,2019,4,2.1667
NL,Netherlands,2020-Q1,2020,1,1.9367
NL,Netherlands,2020-Q2,2020,2,1.88
NL,Netherlands,2020-Q3,2020,3,1.88
NL,Netherlands,2020-Q4,2020,4,1.8533
NL,Netherlands,2021-Q1,2021,1,1.7767
NL,Netherlands,2021-Q2,2021,2,1.7
NL,Netherlands,2021-Q3,2021,3,1.6633
NL,Netherlands,2021-Q4,2021,4,1.65
NL,Netherlands,2022-Q1,2022,1,1.7033
NL,Netherlands,2022-Q2,2022,2,2.0467
NL,Netherlands,2022-Q3,2022,3,2.6367
NL,Netherlands,2022-Q4,2022,4,3.23
NL,Netherlands,2023-Q1,2023,1,3.5467
NL,Netherlands,2023-Q2,2023,2,3.7967
NL,Netherlands,2023-Q3,2023,3,3.9933
NL,Netherlands,2023-Q4,2023,4,4.0267
NL,Netherlands,2024-Q1,2024,1,3.91
NL,Netherlands,2024-Q2,2024,2,3.81
NL,Netherlands,2024-Q3,2024,3,3.8567
NL,Netherlands,2024-Q4,2024,4,3.6967
NL,Netherlands,2025-Q1,2025,1,3.26
NL,Netherlands,2025-Q2,2025,2,3.38
NL,Netherlands,2025-Q3,2025,3,3.5
NL,Netherlands,2025-Q4,2025,4,3.5
NL,Netherlands,2026-Q1,2026,1,3.5167
NL,Netherlands,2026-Q2,2026,2,3.68
NL,Netherlands,2026-Q3,2026,3,3.905
