country_code,country,period,year,quarter,population
BE,Belgium,2015-Q1,2015,1,11249400
BE,Belgium,2015-Q2,2015,2,11262900
BE,Belgium,2015-Q3,2015,3,11280000
BE,Belgium,2015-Q4,2015,4,11304400
BE,Belgium,2016-Q1,2016,1,11314400
BE,Belgium,2016-Q2,2016,2,11323200
BE,Belgium,2016-Q3,2016,3,11335900
BE,Belgium,2016-Q4,2016,4,11352200
BE,Belgium,2017-Q1,2017,1,11357600
BE,Belgium,2017-Q2,2017,2,11367700
BE,Belgium,2017-Q3,2017,3,11378600
BE,Belgium,2017-Q4,2017,4,11396800
BE,Belgium,2018-Q1,2018,1,11406800
BE,Belgium,2018-Q2,2018,2,11417200
BE,Belgium,2018-Q3,2018,3,11431400
BE,Belgium,2018-Q4,2018,4,11452900
BE,Belgium,2019-Q1,2019,1,11464000
BE,Belgium,2019-Q2,2019,2,11479600
BE,Belgium,2019-Q3,2019,3,11494000
BE,Belgium,2019-Q4,2019,4,11518400
BE,Belgium,2020-Q1,2020,1,11529100
BE,Belgium,2020-Q2,2020,2,11528500
BE,Belgium,2020-Q3,2020,3,11541200
BE,Belgium,2020-Q4,2020,4,11555900
BE,Belgium,2021-Q1,2021,1,11563600
BE,Belgium,2021-Q2,2021,2,11577000
BE,Belgium,2021-Q3,2021,3,11591500
BE,Belgium,2021-Q4,2021,4,11613000
BE,Belgium,2022-Q1,2022,1,11628500
BE,Belgium,2022-Q2,2022,2,11671200
BE,Belgium,2022-Q3,2022,3,11695000
BE,Belgium,2022-Q4,2022,4,11726200
BE,Belgium,2023-Q1,2023,1,11748400
BE,Belgium,2023-Q2,2023,2,11768400
BE,Belgium,2023-Q3,2023,3,11788900
BE,Belgium,2023-Q4,2023,4,11814200
BE,Belgium,2024-Q1,2024,1,11826300
BE,Belgium,2024-Q2,2024,2,11840500
BE,Belgium,2024-Q3,2024,3,11855100
BE,Belgium,2024-Q4,2024,4,11879400
BE,Belgium,2025-Q1,2025,1,11887300
BE,Belgium,2025-Q2,2025,2,11896700
BE,Belgium,2025-Q3,2025,3,11908600
BE,Belgium,2025-Q4,2025,4,11925100
BE,Belgium,2026-Q1,2026,1,11931500
BE,Belgium,2026-Q2,2026,2,11940500
DE,Germany,2015-Q1,2015,1,81105000
DE,Germany,2015-Q2,2015,2,81270000
DE,Germany,2015-Q3,2015,3,81429000
DE,Germany,2015-Q4,2015,4,81580000
DE,Germany,2016-Q1,2016,1,81726000
DE,Germany,2016-Q2,2016,2,81841000
DE,Germany,2016-Q3,2016,3,81924000
DE,Germany,2016-Q4,2016,4,81977000
DE,Germany,2017-Q1,2017,1,81997000
DE,Germany,2017-Q2,2017,2,82022000
DE,Germany,2017-Q3,2017,3,82050000
DE,Germany,2017-Q4,2017,4,82083000
DE,Germany,2018-Q1,2018,1,82117000
DE,Germany,2018-Q2,2018,2,82147000
DE,Germany,2018-Q3,2018,3,82172000
DE,Germany,2018-Q4,2018,4,82192000
DE,Germany,2019-Q1,2019,1,82204000
DE,Germany,2019-Q2,2019,2,82209000
DE,Germany,2019-Q3,2019,3,82206000
DE,Germany,2019-Q4,2019,4,82193000
DE,Germany,2020-Q1,2020,1,82172000
DE,Germany,2020-Q2,2020,2,82145000
DE,Germany,2020-Q3,2020,3,82113000
DE,Germany,2020-Q4,2020,4,82074000
DE,Germany,2021-Q1,2021,1,82032000
DE,Germany,2021-Q2,2021,2,82000000
DE,Germany,2021-Q3,2021,3,81978000
DE,Germany,2021-Q4,2021,4,81970000
DE,Germany,2022-Q1,2022,1,81891000
DE,Germany,2022-Q2,2022,2,82517000
DE,Germany,2022-Q3,2022,3,82758000
DE,Germany,2022-Q4,2022,4,82950000
DE,Germany,2023-Q1,2023,1,83165000
DE,Germany,2023-Q2,2023,2,83219000
DE,Germany,2023-Q3,2023,3,83307000
DE,Germany,2023-Q4,2023,4,83457000
DE,Germany,2024-Q1,2024,1,83464000
DE,Germany,2024-Q2,2024,2,83498000
DE,Germany,2024-Q3,2024,3,83521000
DE,Germany,2024-Q4,2024,4,83585000
DE,Germany,2025-Q1,2025,1,83551000
DE,Germany,2025-Q2,2025,2,83509000
DE,Germany,2025-Q3,2025,3,83483000
DE,Germany,2025-Q4,2025,4,83509000
DE,Germany,2026-Q1,2026,1,83409000
DE,Germany,2026-Q2,2026,2,83337000
ES,Spain,2015-Q1,2015,1,46389710
ES,Spain,2015-Q2,2015,2,46369880
ES,Spain,2015-Q3,2015,3,46371220
ES,Spain,2015-Q4,2015,4,46406700
ES,Spain,2016-Q1,2016,1,46399600
ES,Spain,2016-Q2,2016,2,46403270
ES,Spain,2016-Q3,2016,3,46426630
ES,Spain,2016-Q4,2016,4,46478910
ES,Spain,2017-Q1,2017,1,46479950
ES,Spain,2017-Q2,2017,2,46478900
ES,Spain,2017-Q3,2017,3,46509970
ES,Spain,2017-Q4,2017,4,46573020
ES,Spain,2018-Q1,2018,1,46624350
ES,Spain,2018-Q2,2018,2,46661920
ES,Spain,2018-Q3,2018,3,46734130
ES,Spain,2018-Q4,2018,4,46841130
ES,Spain,2019-Q1,2019,1,46938660
ES,Spain,2019-Q2,2019,2,47027280
ES,Spain,2019-Q3,2019,3,47132000
ES,Spain,2019-Q4,2019,4,47253170
ES,Spain,2020-Q1,2020,1,47325470
ES,Spain,2020-Q2,2020,2,47339700
ES,Spain,2020-Q3,2020,3,47352040
ES,Spain,2020-Q4,2020,4,47362200
ES,Spain,2021-Q1,2021,1,47336980
ES,Spain,2021-Q2,2021,2,47298300
ES,Spain,2021-Q3,2021,3,47334720
ES,Spain,2021-Q4,2021,4,47417350
ES,Spain,2022-Q1,2022,1,47537780
ES,Spain,2022-Q2,2022,2,47702080
ES,Spain,2022-Q3,2022,3,47876050
ES,Spain,2022-Q4,2022,4,48028260
ES,Spain,2023-Q1,2023,1,48170520
ES,Spain,2023-Q2,2023,2,48264770
ES,Spain,2023-Q3,2023,3,48408070
ES,Spain,2023-Q4,2023,4,48566760
ES,Spain,2024-Q1,2024,1,48701300
ES,Spain,2024-Q2,2024,2,48804040
ES,Spain,2024-Q3,2024,3,48926770
ES,Spain,2024-Q4,2024,4,49063880
ES,Spain,2025-Q1,2025,1,49187120
ES,Spain,2025-Q2,2025,2,49298170
ES,Spain,2025-Q3,2025,3,49425510
ES,Spain,2025-Q4,2025,4,49538550
ES,Spain,2026-Q1,2026,1,49639150
ES,Spain,2026-Q2,2026,2,49737050
FR,France,2015-Q1,2015,1,66212600
FR,France,2015-Q2,2015,2,66282400
FR,France,2015-Q3,2015,3,66348800
FR,France,2015-Q4,2015,4,66411700
FR,France,2016-Q1,2016,1,66471000
FR,France,2016-Q2,2016,2,66531700
FR,France,2016-Q3,2016,3,66593700
FR,France,2016-Q4,2016,4,66657000
FR,France,2017-Q1,2017,1,66721600
FR,France,2017-Q2,2017,2,66791000
FR,France,2017-Q3,2017,3,66865000
FR,France,2017-Q4,2017,4,66943800
FR,France,2018-Q1,2018,1,67027200
FR,France,2018-Q2,2018,2,67103500
FR,France,2018-Q3,2018,3,67172700
FR,France,2018-Q4,2018,4,67234700
FR,France,2019-Q1,2019,1,67289500
FR,France,2019-Q2,2019,2,67354100
FR,France,2019-Q3,2019,3,67428600
FR,France,2019-Q4,2019,4,67512800
FR,France,2020-Q1,2020,1,67606900
FR,France,2020-Q2,2020,2,67688700
FR,France,2020-Q3,2020,3,67758400
FR,France,2020-Q4,2020,4,67815800
FR,France,2021-Q1,2021,1,67861000
FR,France,2021-Q2,2021,2,67917800
FR,France,2021-Q3,2021,3,67986100
FR,France,2021-Q4,2021,4,68066000
FR,France,2022-Q1,2022,1,68157400
FR,France,2022-Q2,2022,2,68242700
FR,France,2022-Q3,2022,3,68321800
FR,France,2022-Q4,2022,4,68394700
FR,France,2023-Q1,2023,1,68461500
FR,France,2023-Q2,2023,2,68524700
FR,France,2023-Q3,2023,3,68584200
FR,France,2023-Q4,2023,4,68640200
FR,France,2024-Q1,2024,1,68692500
FR,France,2024-Q2,2024,2,68746800
FR,France,2024-Q3,2024,3,68803100
FR,France,2024-Q4,2024,4,68861400
FR,France,2025-Q1,2025,1,68921800
FR,France,2025-Q2,2025,2,68976200
FR,France,2025-Q3,2025,3,69024700
FR,France,2025-Q4,2025,4,69067200
FR,France,2026-Q1,2026,1,69103800
FR,France,2026-Q2,2026,2,69144900
IE,Ireland,2015-Q1,2015,1,4677630
IE,Ireland,2015-Q2,2015,2,4687790
IE,Ireland,2015-Q3,2015,3,4702390
IE,Ireland,2015-Q4,2015,4,4715280
IE,Ireland,2016-Q1,2016,1,4726280
IE,Ireland,2016-Q2,2016,2,4739600
IE,Ireland,2016-Q3,2016,3,4762230
IE,Ireland,2016-Q4,2016,4,4781750
IE,Ireland,2017-Q1,2017,1,4799160
IE,Ireland,2017-Q2,2017,2,4810900
IE,Ireland,2017-Q3,2017,3,4825610
IE,Ireland,2017-Q4,2017,4,4848670
IE,Ireland,2018-Q1,2018,1,4855730
IE,Ireland,2018-Q2,2018,2,4884900
IE,Ireland,2018-Q3,2018,3,4900230
IE,Ireland,2018-Q4,2018,4,4920770
IE,Ireland,2019-Q1,2019,1,4940310
IE,Ireland,2019-Q2,2019,2,4958470
IE,Ireland,2019-Q3,2019,3,4975260
IE,Ireland,2019-Q4,2019,4,4995800
IE,Ireland,2020-Q1,2020,1,5012600
IE,Ireland,2020-Q2,2020,2,5029880
IE,Ireland,2020-Q3,2020,3,5041850
IE,Ireland,2020-Q4,2020,4,5053400
IE,Ireland,2021-Q1,2021,1,5066890
IE,Ireland,2021-Q2,2021,2,5074670
IE,Ireland,2021-Q3,2021,3,5103460
IE,Ireland,2021-Q4,2021,4,5122370
IE,Ireland,2022-Q1,2022,1,5154280
IE,Ireland,2022-Q2,2022,2,5183970
IE,Ireland,2022-Q3,2022,3,5219570
IE,Ireland,2022-Q4,2022,4,5241170
IE,Ireland,2023-Q1,2023,1,5271400
IE,Ireland,2023-Q2,2023,2,5281610
IE,Ireland,2023-Q3,2023,3,5300600
IE,Ireland,2023-Q4,2023,4,5329860
IE,Ireland,2024-Q1,2024,1,5343810
IE,Ireland,2024-Q2,2024,2,5380310
IE,Ireland,2024-Q3,2024,3,5394850
IE,Ireland,2024-Q4,2024,4,5421000
IE,Ireland,2025-Q1,2025,1,5439900
IE,Ireland,2025-Q2,2025,2,5458610
IE,Ireland,2025-Q3,2025,3,5481750
IE,Ireland,2025-Q4,2025,4,5497470
IE,Ireland,2026-Q1,2026,1,5510570
IE,Ireland,2026-Q2,2026,2,5525580
NL,Netherlands,2015-Q1,2015,1,16913000
NL,Netherlands,2015-Q2,2015,2,16923000
NL,Netherlands,2015-Q3,2015,3,16947000
NL,Netherlands,2015-Q4,2015,4,16976000
NL,Netherlands,2016-Q1,2016,1,16992000
NL,Netherlands,2016-Q2,2016,2,17011000
NL,Netherlands,2016-Q3,2016,3,17043000
NL,Netherlands,2016-Q4,2016,4,17075000
NL,Netherlands,2017-Q1,2017,1,17094000
NL,Netherlands,2017-Q2,2017,2,17112000
NL,Netherlands,2017-Q3,2017,3,17144000
NL,Netherlands,2017-Q4,2017,4,17176000
NL,Netherlands,2018-Q1,2018,1,17194000
NL,Netherlands,2018-Q2,2018,2,17210000
NL,Netherlands,2018-Q3,2018,3,17244000
NL,Netherlands,2018-Q4,2018,4,17278000
NL,Netherlands,2019-Q1,2019,1,17298000
NL,Netherlands,2019-Q2,2019,2,17321000
NL,Netherlands,2019-Q3,2019,3,17361000
NL,Netherlands,2019-Q4,2019,4,17400000
NL,Netherlands,2020-Q1,2020,1,17418000
NL,Netherlands,2020-Q2,2020,2,17427000
NL,Netherlands,2020-Q3,2020,3,17448000
NL,Netherlands,2020-Q4,2020,4,17473000
NL,Netherlands,2021-Q1,2021,1,17491000
NL,Netherlands,2021-Q2,2021,2,17507000
NL,Netherlands,2021-Q3,2021,3,17547000
NL,Netherlands,2021-Q4,2021,4,17588000
NL,Netherlands,2022-Q1,2022,1,17609000
NL,Netherlands,2022-Q2,2022,2,17668000
NL,Netherlands,2022-Q3,2022,3,17738000
NL,Netherlands,2022-Q4,2022,4,17789000
NL,Netherlands,2023-Q1,2023,1,17827000
NL,Netherlands,2023-Q2,2023,2,17853000
NL,Netherlands,2023-Q3,2023,3,17894000
NL,Netherlands,2023-Q4,2023,4,17934000
NL,Netherlands,2024-Q1,2024,1,17955000
NL,Netherlands,2024-Q2,2024,2,17975000
NL,Netherlands,2024-Q3,2024,3,18008000
NL,Netherlands,2024-Q4,2024,4,18039000
NL,Netherlands,2025-Q1,2025,1,18053000
NL,Netherlands,2025-Q2,2025,2,18062000
NL,Netherlands,2025-Q3,2025,3,18109000
NL,Netherlands,2025-Q4,2025,4,18126000
NL,Netherlands,2026-Q1,2026,1,18130000
NL,Netherlands,2026-Q2,2026,2,18136000
PT,Portugal,2015-Q1,2015,1,10392490
PT,Portugal,2015-Q2,2015,2,10381370
PT,Portugal,2015-Q3,2015,3,10377830
PT,Portugal,2015-Q4,2015,4,10375660
PT,Portugal,2016-Q1,2016,1,10364670
PT,Portugal,2016-Q2,2016,2,10357550
PT,Portugal,2016-Q3,2016,3,10354380
PT,Portugal,2016-Q4,2016,4,10349460
PT,Portugal,2017-Q1,2017,1,10343990
PT,Portugal,2017-Q2,2017,2,10337450
PT,Portugal,2017-Q3,2017,3,10338440
PT,Portugal,2017-Q4,2017,4,10340620
PT,Portugal,2018-Q1,2018,1,10337220
PT,Portugal,2018-Q2,2018,2,10330480
PT,Portugal,2018-Q3,2018,3,10332610
PT,Portugal,2018-Q4,2018,4,10338220
PT,Portugal,2019-Q1,2019,1,10341190
PT,Portugal,2019-Q2,2019,2,10344600
PT,Portugal,2019-Q3,2019,3,10357230
PT,Portugal,2019-Q4,2019,4,10374770
PT,Portugal,2020-Q1,2020,1,10378100
PT,Portugal,2020-Q2,2020,2,10379540
PT,Portugal,2020-Q3,2020,3,10386860
PT,Portugal,2020-Q4,2020,4,10394880
PT,Portugal,2021-Q1,2021,1,10398280
PT,Portugal,2021-Q2,2021,2,10397830
PT,Portugal,2021-Q3,2021,3,10410430
PT,Portugal,2021-Q4,2021,4,10424290
PT,Portugal,2022-Q1,2022,1,10434140
PT,Portugal,2022-Q2,2022,2,10455050
PT,Portugal,2022-Q3,2022,3,10479730
PT,Portugal,2022-Q4,2022,4,10506570
PT,Portugal,2023-Q1,2023,1,10541700
PT,Portugal,2023-Q2,2023,2,10561630
PT,Portugal,2023-Q3,2023,3,10588350
PT,Portugal,2023-Q4,2023,4,10621020
PT,Portugal,2024-Q1,2024,1,10658060
PT,Portugal,2024-Q2,2024,2,10676900
PT,Portugal,2024-Q3,2024,3,10705420
PT,Portugal,2024-Q4,2024,4,10738340
PT,Portugal,2025-Q1,2025,1,10750500
PT,Portugal,2025-Q2,2025,2,10795480
PT,Portugal,2025-Q3,2025,3,10824490
PT,Portugal,2025-Q4,2025,4,10846190
PT,Portugal,2026-Q1,2026,1,10864030
PT,Portugal,2026-Q2,2026,2,10882760
