country_code,country,period,year,quarter,official_rent_index,rent_2015_100
BE,Belgium,2015-Q1,2015,1,76.59,99.79
BE,Belgium,2015-Q2,2015,2,76.69,99.92
BE,Belgium,2015-Q3,2015,3,76.78,100.03
BE,Belgium,2015-Q4,2015,4,76.96,100.27
BE,Belgium,2016-Q1,2016,1,77.29333333333334,100.7
BE,Belgium,2016-Q2,2016,2,77.42666666666666,100.88
BE,Belgium,2016-Q3,2016,3,77.54333333333334,101.03
BE,Belgium,2016-Q4,2016,4,77.67666666666666,101.2
BE,Belgium,2017-Q1,2017,1,78.09666666666666,101.75
BE,Belgium,2017-Q2,2017,2,78.25666666666667,101.96
BE,Belgium,2017-Q3,2017,3,78.37333333333333,102.11
BE,Belgium,2017-Q4,2017,4,78.54333333333334,102.33
BE,Belgium,2018-Q1,2018,1,78.94666666666667,102.86
BE,Belgium,2018-Q2,2018,2,79.08999999999999,103.04
BE,Belgium,2018-Q3,2018,3,79.20333333333333,103.19
BE,Belgium,2018-Q4,2018,4,79.32,103.34
BE,Belgium,2019-Q1,2019,1,79.73666666666666,103.88
BE,Belgium,2019-Q2,2019,2,79.87666666666667,104.07
BE,Belgium,2019-Q3,2019,3,80.01,104.24
BE,Belgium,2019-Q4,2019,4,80.27333333333333,104.58
BE,Belgium,2020-Q1,2020,1,81.68,106.42
BE,Belgium,2020-Q2,2020,2,82.05,106.9
BE,Belgium,2020-Q3,2020,3,81.92333333333333,106.73
BE,Belgium,2020-Q4,2020,4,82.78,107.85
BE,Belgium,2021-Q1,2021,1,83.13666666666667,108.31
BE,Belgium,2021-Q2,2021,2,83.51333333333334,108.81
BE,Belgium,2021-Q3,2021,3,83.73333333333333,109.09
BE,Belgium,2021-Q4,2021,4,84.67333333333333,110.32
BE,Belgium,2022-Q1,2022,1,85.14666666666666,110.93
BE,Belgium,2022-Q2,2022,2,86.06,112.12
BE,Belgium,2022-Q3,2022,3,86.89666666666666,113.21
BE,Belgium,2022-Q4,2022,4,88.71,115.58
BE,Belgium,2023-Q1,2023,1,90.31666666666666,117.67
BE,Belgium,2023-Q2,2023,2,91.33666666666666,119.0
BE,Belgium,2023-Q3,2023,3,92.0,119.86
BE,Belgium,2023-Q4,2023,4,93.75,122.14
BE,Belgium,2024-Q1,2024,1,95.45666666666666,124.37
BE,Belgium,2024-Q2,2024,2,95.92333333333333,124.97
BE,Belgium,2024-Q3,2024,3,96.28666666666668,125.45
BE,Belgium,2024-Q4,2024,4,97.90666666666668,127.56
BE,Belgium,2025-Q1,2025,1,98.63666666666666,128.51
BE,Belgium,2025-Q2,2025,2,99.48333333333335,129.61
BE,Belgium,2025-Q3,2025,3,100.13666666666666,130.46
BE,Belgium,2025-Q4,2025,4,101.74333333333334,132.56
BE,Belgium,2026-Q1,2026,1,102.04666666666667,132.95
BE,Belgium,2026-Q2,2026,2,102.87,134.02
BE,Belgium,2026-Q3,2026,3,103.3,134.58
DE,Germany,2015-Q1,2015,1,84.47333333333334,99.58
DE,Germany,2015-Q2,2015,2,84.74,99.9
DE,Germany,2015-Q3,2015,3,84.95,100.15
DE,Germany,2015-Q4,2015,4,85.14,100.37
DE,Germany,2016-Q1,2016,1,85.41666666666667,100.7
DE,Germany,2016-Q2,2016,2,85.63999999999999,100.96
DE,Germany,2016-Q3,2016,3,85.98333333333333,101.36
DE,Germany,2016-Q4,2016,4,86.38,101.83
DE,Germany,2017-Q1,2017,1,86.78333333333335,102.31
DE,Germany,2017-Q2,2017,2,87.14999999999999,102.74
DE,Germany,2017-Q3,2017,3,87.44,103.08
DE,Germany,2017-Q4,2017,4,87.77333333333333,103.47
DE,Germany,2018-Q1,2018,1,88.20333333333333,103.98
DE,Germany,2018-Q2,2018,2,88.54,104.38
DE,Germany,2018-Q3,2018,3,88.86333333333334,104.76
DE,Germany,2018-Q4,2018,4,89.17,105.12
DE,Germany,2019-Q1,2019,1,89.53333333333335,105.55
DE,Germany,2019-Q2,2019,2,89.86,105.93
DE,Germany,2019-Q3,2019,3,90.14666666666666,106.27
DE,Germany,2019-Q4,2019,4,90.48,106.67
DE,Germany,2020-Q1,2020,1,90.84333333333332,107.09
DE,Germany,2020-Q2,2020,2,91.15666666666668,107.46
DE,Germany,2020-Q3,2020,3,91.38333333333333,107.73
DE,Germany,2020-Q4,2020,4,91.66666666666667,108.06
DE,Germany,2021-Q1,2021,1,92.00666666666666,108.47
DE,Germany,2021-Q2,2021,2,92.30666666666666,108.82
DE,Germany,2021-Q3,2021,3,92.58999999999999,109.15
DE,Germany,2021-Q4,2021,4,92.90666666666668,109.53
DE,Germany,2022-Q1,2022,1,93.32333333333334,110.02
DE,Germany,2022-Q2,2022,2,93.77333333333333,110.55
DE,Germany,2022-Q3,2022,3,94.20333333333333,111.06
DE,Germany,2022-Q4,2022,4,94.64,111.57
DE,Germany,2023-Q1,2023,1,95.18666666666667,112.21
DE,Germany,2023-Q2,2023,2,95.67666666666666,112.79
DE,Germany,2023-Q3,2023,3,96.14666666666666,113.35
DE,Germany,2023-Q4,2023,4,96.55333333333334,113.83
DE,Germany,2024-Q1,2024,1,97.2,114.59
DE,Germany,2024-Q2,2024,2,97.75333333333333,115.24
DE,Germany,2024-Q3,2024,3,98.18666666666667,115.75
DE,Germany,2024-Q4,2024,4,98.62666666666667,116.27
DE,Germany,2025-Q1,2025,1,99.15333333333332,116.89
DE,Germany,2025-Q2,2025,2,99.8,117.65
DE,Germany,2025-Q3,2025,3,100.28333333333335,118.22
DE,Germany,2025-Q4,2025,4,100.77,118.8
DE,Germany,2026-Q1,2026,1,101.34666666666668,119.48
DE,Germany,2026-Q2,2026,2,101.87,120.09
DE,Germany,2026-Q3,2026,3,102.37,120.68
ES,Spain,2015-Q1,2015,1,88.17,100.17
ES,Spain,2015-Q2,2015,2,88.03666666666668,100.02
ES,Spain,2015-Q3,2015,3,87.97666666666667,99.95
ES,Spain,2015-Q4,2015,4,87.89999999999999,99.86
ES,Spain,2016-Q1,2016,1,87.90666666666668,99.87
ES,Spain,2016-Q2,2016,2,87.96666666666665,99.94
ES,Spain,2016-Q3,2016,3,87.94666666666667,99.92
ES,Spain,2016-Q4,2016,4,87.95333333333333,99.92
ES,Spain,2017-Q1,2017,1,88.02666666666666,100.01
ES,Spain,2017-Q2,2017,2,88.18333333333334,100.18
ES,Spain,2017-Q3,2017,3,88.37666666666667,100.4
ES,Spain,2017-Q4,2017,4,88.64333333333333,100.71
ES,Spain,2018-Q1,2018,1,88.92333333333333,101.03
ES,Spain,2018-Q2,2018,2,89.25,101.4
ES,Spain,2018-Q3,2018,3,89.56333333333333,101.75
ES,Spain,2018-Q4,2018,4,89.95,102.19
ES,Spain,2019-Q1,2019,1,90.32666666666667,102.62
ES,Spain,2019-Q2,2019,2,90.65333333333335,102.99
ES,Spain,2019-Q3,2019,3,90.96333333333332,103.34
ES,Spain,2019-Q4,2019,4,91.25333333333333,103.67
ES,Spain,2020-Q1,2020,1,91.56666666666666,104.03
ES,Spain,2020-Q2,2020,2,91.72000000000001,104.2
ES,Spain,2020-Q3,2020,3,91.96666666666665,104.48
ES,Spain,2020-Q4,2020,4,92.08999999999999,104.62
ES,Spain,2021-Q1,2021,1,92.22333333333334,104.77
ES,Spain,2021-Q2,2021,2,92.31666666666666,104.88
ES,Spain,2021-Q3,2021,3,92.43,105.01
ES,Spain,2021-Q4,2021,4,92.56,105.16
ES,Spain,2022-Q1,2022,1,92.94333333333333,105.59
ES,Spain,2022-Q2,2022,2,93.45666666666666,106.18
ES,Spain,2022-Q3,2022,3,93.84333333333332,106.61
ES,Spain,2022-Q4,2022,4,94.25,107.08
ES,Spain,2023-Q1,2023,1,94.83333333333333,107.74
ES,Spain,2023-Q2,2023,2,95.39333333333333,108.38
ES,Spain,2023-Q3,2023,3,95.78000000000002,108.82
ES,Spain,2023-Q4,2023,4,96.18333333333334,109.27
ES,Spain,2024-Q1,2024,1,96.74666666666667,109.91
ES,Spain,2024-Q2,2024,2,97.45333333333333,110.72
ES,Spain,2024-Q3,2024,3,97.91333333333334,111.24
ES,Spain,2024-Q4,2024,4,98.46333333333332,111.86
ES,Spain,2025-Q1,2025,1,99.05666666666667,112.54
ES,Spain,2025-Q2,2025,2,99.79333333333334,113.37
ES,Spain,2025-Q3,2025,3,100.3,113.95
ES,Spain,2025-Q4,2025,4,100.85333333333334,114.58
ES,Spain,2026-Q1,2026,1,101.52333333333333,115.34
ES,Spain,2026-Q2,2026,2,102.25333333333333,116.17
ES,Spain,2026-Q3,2026,3,102.74000000000001,116.72
FR,France,2015-Q1,2015,1,90.95666666666666,99.8
FR,France,2015-Q2,2015,2,91.10666666666667,99.96
FR,France,2015-Q3,2015,3,91.22333333333334,100.09
FR,France,2015-Q4,2015,4,91.28000000000002,100.15
FR,France,2016-Q1,2016,1,91.33999999999999,100.22
FR,France,2016-Q2,2016,2,91.41000000000001,100.29
FR,France,2016-Q3,2016,3,91.47666666666667,100.37
FR,France,2016-Q4,2016,4,91.51666666666667,100.41
FR,France,2017-Q1,2017,1,91.50333333333333,100.4
FR,France,2017-Q2,2017,2,91.59666666666665,100.5
FR,France,2017-Q3,2017,3,91.62666666666667,100.53
FR,France,2017-Q4,2017,4,91.70333333333333,100.62
FR,France,2018-Q1,2018,1,91.89,100.82
FR,France,2018-Q2,2018,2,91.68,100.59
FR,France,2018-Q3,2018,3,90.89666666666666,99.73
FR,France,2018-Q4,2018,4,91.00666666666666,99.85
FR,France,2019-Q1,2019,1,91.42999999999999,100.32
FR,France,2019-Q2,2019,2,91.72333333333331,100.64
FR,France,2019-Q3,2019,3,91.85333333333334,100.78
FR,France,2019-Q4,2019,4,91.98333333333333,100.92
FR,France,2020-Q1,2020,1,92.08333333333333,101.03
FR,France,2020-Q2,2020,2,92.04666666666667,100.99
FR,France,2020-Q3,2020,3,92.08333333333333,101.03
FR,France,2020-Q4,2020,4,92.2,101.16
FR,France,2021-Q1,2021,1,92.67333333333333,101.68
FR,France,2021-Q2,2021,2,92.89999999999999,101.93
FR,France,2021-Q3,2021,3,93.02,102.06
FR,France,2021-Q4,2021,4,92.95,101.98
FR,France,2022-Q1,2022,1,93.14,102.19
FR,France,2022-Q2,2022,2,93.39999999999999,102.48
FR,France,2022-Q3,2022,3,93.62333333333333,102.72
FR,France,2022-Q4,2022,4,93.89,103.02
FR,France,2023-Q1,2023,1,94.83666666666666,104.05
FR,France,2023-Q2,2023,2,95.44333333333333,104.72
FR,France,2023-Q3,2023,3,95.73,105.03
FR,France,2023-Q4,2023,4,95.98666666666666,105.32
FR,France,2024-Q1,2024,1,96.96666666666665,106.39
FR,France,2024-Q2,2024,2,97.70666666666666,107.2
FR,France,2024-Q3,2024,3,97.98,107.5
FR,France,2024-Q4,2024,4,98.27999999999999,107.83
FR,France,2025-Q1,2025,1,99.30333333333333,108.95
FR,France,2025-Q2,2025,2,99.93,109.64
FR,France,2025-Q3,2025,3,100.11000000000001,109.84
FR,France,2025-Q4,2025,4,100.66000000000001,110.44
FR,France,2026-Q1,2026,1,101.19666666666667,111.03
FR,France,2026-Q2,2026,2,101.50999999999999,111.38
FR,France,2026-Q3,2026,3,101.66999999999999,111.55
IE,Ireland,2015-Q1,2015,1,55.97666666666667,97.17
IE,Ireland,2015-Q2,2015,2,56.86333333333334,98.71
IE,Ireland,2015-Q3,2015,3,58.26666666666667,101.15
IE,Ireland,2015-Q4,2015,4,59.31,102.96
IE,Ireland,2016-Q1,2016,1,60.61666666666667,105.23
IE,Ireland,2016-Q2,2016,2,61.84666666666667,107.36
IE,Ireland,2016-Q3,2016,3,63.31333333333333,109.91
IE,Ireland,2016-Q4,2016,4,64.67666666666666,112.28
IE,Ireland,2017-Q1,2017,1,65.24333333333334,113.26
IE,Ireland,2017-Q2,2017,2,66.05,114.66
IE,Ireland,2017-Q3,2017,3,67.38333333333334,116.98
IE,Ireland,2017-Q4,2017,4,68.46,118.85
IE,Ireland,2018-Q1,2018,1,69.44666666666667,120.56
IE,Ireland,2018-Q2,2018,2,70.56333333333333,122.5
IE,Ireland,2018-Q3,2018,3,71.46666666666667,124.07
IE,Ireland,2018-Q4,2018,4,72.77,126.33
IE,Ireland,2019-Q1,2019,1,73.46,127.53
IE,Ireland,2019-Q2,2019,2,74.28,128.95
IE,Ireland,2019-Q3,2019,3,75.40333333333334,130.9
IE,Ireland,2019-Q4,2019,4,76.21,132.3
IE,Ireland,2020-Q1,2020,1,76.31666666666666,132.48
IE,Ireland,2020-Q2,2020,2,74.60666666666667,129.52
IE,Ireland,2020-Q3,2020,3,74.52333333333333,129.37
IE,Ireland,2020-Q4,2020,4,74.39999999999999,129.16
IE,Ireland,2021-Q1,2021,1,75.05333333333334,130.29
IE,Ireland,2021-Q2,2021,2,76.10333333333334,132.11
IE,Ireland,2021-Q3,2021,3,77.23333333333333,134.08
IE,Ireland,2021-Q4,2021,4,79.83,138.58
IE,Ireland,2022-Q1,2022,1,81.23,141.01
IE,Ireland,2022-Q2,2022,2,83.69,145.28
IE,Ireland,2022-Q3,2022,3,86.05333333333333,149.39
IE,Ireland,2022-Q4,2022,4,87.43666666666667,151.79
IE,Ireland,2023-Q1,2023,1,88.7,153.98
IE,Ireland,2023-Q2,2023,2,89.90666666666668,156.08
IE,Ireland,2023-Q3,2023,3,91.82666666666667,159.41
IE,Ireland,2023-Q4,2023,4,93.00999999999999,161.46
IE,Ireland,2024-Q1,2024,1,93.83666666666666,162.9
IE,Ireland,2024-Q2,2024,2,94.67333333333333,164.35
IE,Ireland,2024-Q3,2024,3,96.23333333333333,167.06
IE,Ireland,2024-Q4,2024,4,97.86333333333333,169.89
IE,Ireland,2025-Q1,2025,1,98.77333333333333,171.47
IE,Ireland,2025-Q2,2025,2,99.55333333333333,172.82
IE,Ireland,2025-Q3,2025,3,100.39999999999999,174.29
IE,Ireland,2025-Q4,2025,4,101.27666666666669,175.81
IE,Ireland,2026-Q1,2026,1,102.11000000000001,177.26
IE,Ireland,2026-Q2,2026,2,104.38333333333333,181.21
IE,Ireland,2026-Q3,2026,3,105.87,183.79
NL,Netherlands,2015-Q1,2015,1,76.48,98.86
NL,Netherlands,2015-Q2,2015,2,76.48,98.86
NL,Netherlands,2015-Q3,2015,3,78.3,101.22
NL,Netherlands,2015-Q4,2015,4,78.18,101.06
NL,Netherlands,2016-Q1,2016,1,78.18,101.06
NL,Netherlands,2016-Q2,2016,2,78.18,101.06
NL,Netherlands,2016-Q3,2016,3,79.76,103.1
NL,Netherlands,2016-Q4,2016,4,79.76,103.1
NL,Netherlands,2017-Q1,2017,1,79.76,103.1
NL,Netherlands,2017-Q2,2017,2,79.76,103.1
NL,Netherlands,2017-Q3,2017,3,81.02,104.73
NL,Netherlands,2017-Q4,2017,4,81.02,104.73
NL,Netherlands,2018-Q1,2018,1,81.02,104.73
NL,Netherlands,2018-Q2,2018,2,81.02,104.73
NL,Netherlands,2018-Q3,2018,3,82.89,107.15
NL,Netherlands,2018-Q4,2018,4,82.92,107.19
NL,Netherlands,2019-Q1,2019,1,82.92,107.19
NL,Netherlands,2019-Q2,2019,2,82.92,107.19
NL,Netherlands,2019-Q3,2019,3,85.02,109.9
NL,Netherlands,2019-Q4,2019,4,85.02,109.9
NL,Netherlands,2020-Q1,2020,1,85.02,109.9
NL,Netherlands,2020-Q2,2020,2,85.02,109.9
NL,Netherlands,2020-Q3,2020,3,87.46999999999998,113.07
NL,Netherlands,2020-Q4,2020,4,87.52,113.13
NL,Netherlands,2021-Q1,2021,1,87.52,113.13
NL,Netherlands,2021-Q2,2021,2,87.52,113.13
NL,Netherlands,2021-Q3,2021,3,88.18,113.99
NL,Netherlands,2021-Q4,2021,4,88.18,113.99
NL,Netherlands,2022-Q1,2022,1,88.18,113.99
NL,Netherlands,2022-Q2,2022,2,88.18,113.99
NL,Netherlands,2022-Q3,2022,3,90.79,117.36
NL,Netherlands,2022-Q4,2022,4,90.79,117.36
NL,Netherlands,2023-Q1,2023,1,90.79,117.36
NL,Netherlands,2023-Q2,2023,2,90.79,117.36
NL,Netherlands,2023-Q3,2023,3,92.58999999999999,119.69
NL,Netherlands,2023-Q4,2023,4,92.58999999999999,119.69
NL,Netherlands,2024-Q1,2024,1,92.58999999999999,119.69
NL,Netherlands,2024-Q2,2024,2,92.58999999999999,119.69
NL,Netherlands,2024-Q3,2024,3,97.62,126.19
NL,Netherlands,2024-Q4,2024,4,97.62,126.19
NL,Netherlands,2025-Q1,2025,1,97.62,126.19
NL,Netherlands,2025-Q2,2025,2,97.62,126.19
NL,Netherlands,2025-Q3,2025,3,102.38,132.34
NL,Netherlands,2025-Q4,2025,4,102.38,132.34
NL,Netherlands,2026-Q1,2026,1,102.38,132.34
NL,Netherlands,2026-Q2,2026,2,102.38,132.34
NL,Netherlands,2026-Q3,2026,3,106.91,138.2
PT,Portugal,2015-Q1,2015,1,73.25,99.89
PT,Portugal,2015-Q2,2015,2,73.19666666666666,99.82
PT,Portugal,2015-Q3,2015,3,73.36666666666667,100.05
PT,Portugal,2015-Q4,2015,4,73.50666666666666,100.24
PT,Portugal,2016-Q1,2016,1,74.17999999999999,101.16
PT,Portugal,2016-Q2,2016,2,74.46333333333332,101.55
PT,Portugal,2016-Q3,2016,3,74.58666666666666,101.71
PT,Portugal,2016-Q4,2016,4,75.08999999999999,102.4
PT,Portugal,2017-Q1,2017,1,75.23666666666666,102.6
PT,Portugal,2017-Q2,2017,2,75.18,102.52
PT,Portugal,2017-Q3,2017,3,75.33333333333333,102.73
PT,Portugal,2017-Q4,2017,4,75.54,103.01
PT,Portugal,2018-Q1,2018,1,75.97000000000001,103.6
PT,Portugal,2018-Q2,2018,2,76.46666666666665,104.28
PT,Portugal,2018-Q3,2018,3,76.99666666666667,105.0
PT,Portugal,2018-Q4,2018,4,77.54666666666667,105.75
PT,Portugal,2019-Q1,2019,1,78.2,106.64
PT,Portugal,2019-Q2,2019,2,78.84666666666668,107.52
PT,Portugal,2019-Q3,2019,3,79.49,108.4
PT,Portugal,2019-Q4,2019,4,80.16000000000001,109.31
PT,Portugal,2020-Q1,2020,1,80.79666666666667,110.18
PT,Portugal,2020-Q2,2020,2,80.99333333333334,110.45
PT,Portugal,2020-Q3,2020,3,81.30666666666667,110.88
PT,Portugal,2020-Q4,2020,4,81.78333333333335,111.53
PT,Portugal,2021-Q1,2021,1,82.12333333333333,111.99
PT,Portugal,2021-Q2,2021,2,82.41333333333334,112.39
PT,Portugal,2021-Q3,2021,3,82.85666666666667,112.99
PT,Portugal,2021-Q4,2021,4,83.34666666666666,113.66
PT,Portugal,2022-Q1,2022,1,83.89,114.4
PT,Portugal,2022-Q2,2022,2,84.52,115.26
PT,Portugal,2022-Q3,2022,3,85.20666666666666,116.2
PT,Portugal,2022-Q4,2022,4,86.00666666666666,117.29
PT,Portugal,2023-Q1,2023,1,87.13,118.82
PT,Portugal,2023-Q2,2023,2,88.30333333333333,120.42
PT,Portugal,2023-Q3,2023,3,89.30666666666666,121.79
PT,Portugal,2023-Q4,2023,4,90.33333333333333,123.19
PT,Portugal,2024-Q1,2024,1,92.76666666666667,126.51
PT,Portugal,2024-Q2,2024,2,94.58666666666666,128.99
PT,Portugal,2024-Q3,2024,3,95.70333333333333,130.51
PT,Portugal,2024-Q4,2024,4,96.8,132.01
PT,Portugal,2025-Q1,2025,1,98.29333333333334,134.04
PT,Portugal,2025-Q2,2025,2,99.55,135.76
PT,Portugal,2025-Q3,2025,3,100.55,137.12
PT,Portugal,2025-Q4,2025,4,101.61,138.57
PT,Portugal,2026-Q1,2026,1,103.32666666666667,140.91
PT,Portugal,2026-Q2,2026,2,104.69,142.77
PT,Portugal,2026-Q3,2026,3,105.63,144.05
