country_code,country,year,hpi_2015_100,rent_2015_100,income_per_capita_eur,income_2015_100,hpi_growth_since_2015_pct,rent_growth_since_2015_pct,income_growth_since_2015_pct,hpi_income_gap_pp,rent_income_gap_pp,hpi_yoy_pct,rent_yoy_pct,income_yoy_pct,is_complete_year
BE,Belgium,2015,100.0,100.0,5383.43,100.0,0.0,0.0,0.0,0.0,0.0,,,,True
BE,Belgium,2016,102.33,100.95,5515.84,102.46,2.33,0.95,2.46,-0.13,-1.51,2.33,0.95,2.46,True
BE,Belgium,2017,105.95,102.04,5698.63,105.86,5.95,2.04,5.86,0.09,-3.82,3.54,1.08,3.32,True
BE,Belgium,2018,109.15,103.11,5864.59,108.94,9.15,3.11,8.94,0.21,-5.83,3.02,1.05,2.91,True
BE,Belgium,2019,113.23,104.19,6088.91,113.1,13.23,4.19,13.1,0.13,-8.91,3.74,1.05,3.82,True
BE,Belgium,2020,118.09,106.98,6178.74,114.77,18.09,6.98,14.77,3.32,-7.79,4.29,2.68,1.48,True
BE,Belgium,2021,125.96,109.13,6486.55,120.49,25.96,9.13,20.49,5.47,-11.36,6.66,2.01,4.98,True
BE,Belgium,2022,132.93,112.96,7049.93,130.96,32.93,12.96,30.96,1.97,-18.0,5.53,3.51,8.69,True
BE,Belgium,2023,136.04,119.67,7614.46,141.44,36.04,19.67,41.44,-5.4,-21.77,2.34,5.94,8.0,True
BE,Belgium,2024,140.41,125.59,7783.36,144.58,40.41,25.59,44.58,-4.17,-18.99,3.21,4.95,2.22,True
BE,Belgium,2025,144.85,130.28,8065.76,149.83,44.85,30.28,49.83,-4.98,-19.55,3.16,3.73,3.63,True
BE,Belgium,2026,145.89,133.85,8150.11,151.39,45.89,33.85,51.39,-5.5,-17.54,0.72,2.74,1.04,False
DE,Germany,2015,100.0,100.0,5982.5,100.0,0.0,0.0,0.0,0.0,0.0,,,,True
DE,Germany,2016,107.44,101.21,6138.42,102.61,7.44,1.21,2.61,4.83,-1.4,7.44,1.21,2.61,True
DE,Germany,2017,114.08,102.9,6359.77,106.31,14.08,2.9,6.31,7.77,-3.41,6.18,1.67,3.61,True
DE,Germany,2018,121.64,104.56,6631.33,110.85,21.64,4.56,10.85,10.79,-6.29,6.63,1.61,4.27,True
DE,Germany,2019,128.66,106.1,6820.57,114.01,28.66,6.1,14.01,14.65,-7.91,5.77,1.47,2.85,True
DE,Germany,2020,138.62,107.58,6877.18,114.95,38.62,7.58,14.95,23.67,-7.37,7.74,1.39,0.82,True
DE,Germany,2021,154.73,108.99,7153.63,119.58,54.73,8.99,19.58,35.15,-10.59,11.62,1.31,4.03,True
DE,Germany,2022,164.04,110.8,7776.05,129.98,64.04,10.8,29.98,34.06,-19.18,6.02,1.66,8.7,True
DE,Germany,2023,150.26,113.04,8232.7,137.61,50.26,13.04,37.61,12.65,-24.57,-8.4,2.02,5.87,True
DE,Germany,2024,147.94,115.46,8598.92,143.73,47.94,15.46,43.73,4.21,-28.27,-1.54,2.14,4.45,True
DE,Germany,2025,152.67,117.89,8850.95,147.95,52.67,17.89,47.95,4.72,-30.06,3.2,2.1,2.94,True
DE,Germany,2026,153.36,120.08,9062.92,151.49,53.36,20.08,51.49,1.87,-31.41,0.45,1.86,2.39,False
ES,Spain,2015,100.0,100.0,3729.72,100.0,0.0,0.0,0.0,0.0,0.0,,,,True
ES,Spain,2016,104.62,99.91,3823.96,102.53,4.62,-0.09,2.53,2.09,-2.62,4.62,-0.09,2.53,True
ES,Spain,2017,111.1,100.32,3933.51,105.46,11.1,0.32,5.46,5.64,-5.14,6.19,0.41,2.86,True
ES,Spain,2018,118.58,101.59,4029.35,108.03,18.58,1.59,8.03,10.55,-6.44,6.73,1.27,2.44,True
ES,Spain,2019,124.71,103.16,4197.29,112.54,24.71,3.16,12.54,12.17,-9.38,5.17,1.55,4.17,True
ES,Spain,2020,127.5,104.33,4081.7,109.44,27.5,4.33,9.44,18.06,-5.11,2.24,1.13,-2.75,True
ES,Spain,2021,132.19,104.96,4283.09,114.84,32.19,4.96,14.84,17.35,-9.88,3.68,0.6,4.93,True
ES,Spain,2022,141.98,106.36,4470.43,119.86,41.98,6.36,19.86,22.12,-13.5,7.41,1.33,4.37,True
ES,Spain,2023,147.69,108.55,4849.71,130.03,47.69,8.55,30.03,17.66,-21.48,4.02,2.06,8.48,True
ES,Spain,2024,160.25,110.93,5178.56,138.85,60.25,10.93,38.85,21.4,-27.92,8.5,2.19,6.78,True
ES,Spain,2025,180.6,113.61,5361.97,143.76,80.6,13.61,43.76,36.84,-30.15,12.7,2.42,3.54,True
ES,Spain,2026,197.34,116.08,5539.07,148.51,97.34,16.08,48.51,48.83,-32.43,9.27,2.17,3.3,False
FR,France,2015,100.0,100.0,5209.47,100.0,0.0,0.0,0.0,0.0,0.0,,,,True
FR,France,2016,101.04,100.32,5278.72,101.33,1.04,0.32,1.33,-0.29,-1.01,1.04,0.32,1.33,True
FR,France,2017,104.24,100.51,5391.4,103.49,4.24,0.51,3.49,0.75,-2.98,3.17,0.19,2.13,True
FR,France,2018,107.29,100.25,5518.66,105.94,7.29,0.25,5.94,1.35,-5.69,2.93,-0.26,2.37,True
FR,France,2019,110.86,100.66,5681.27,109.06,10.86,0.66,9.06,1.8,-8.4,3.33,0.41,2.95,True
FR,France,2020,116.62,101.05,5714.94,109.7,16.62,1.05,9.7,6.92,-8.65,5.2,0.39,0.59,True
FR,France,2021,124.13,101.91,5972.88,114.65,24.13,1.91,14.65,9.48,-12.74,6.44,0.85,4.51,True
FR,France,2022,131.82,102.6,6270.06,120.36,31.82,2.6,20.36,11.46,-17.76,6.2,0.68,4.98,True
FR,France,2023,131.25,104.78,6756.32,129.69,31.25,4.78,29.69,1.56,-24.91,-0.43,2.12,7.75,True
FR,France,2024,126.39,107.23,7054.31,135.41,26.39,7.23,35.41,-9.02,-28.18,-3.7,2.34,4.41,True
FR,France,2025,127.26,109.72,7063.71,135.59,27.26,9.72,35.59,-8.33,-25.87,0.69,2.32,0.13,True
FR,France,2026,126.06,111.32,7128.46,136.84,26.06,11.32,36.84,-10.78,-25.52,-0.94,1.46,0.92,False
IE,Ireland,2015,100.0,100.0,5152.8,100.0,0.0,0.0,0.0,0.0,0.0,,,,True
IE,Ireland,2016,107.46,108.7,5340.33,103.64,7.46,8.7,3.64,3.82,5.06,7.46,8.7,3.64,True
IE,Ireland,2017,119.14,115.94,5599.4,108.67,19.14,15.94,8.67,10.47,7.27,10.87,6.66,4.85,True
IE,Ireland,2018,131.33,123.36,5756.89,111.72,31.33,23.36,11.72,19.61,11.64,10.23,6.4,2.81,True
IE,Ireland,2019,134.4,129.92,6065.81,117.72,34.4,29.92,17.72,16.68,12.2,2.34,5.32,5.37,True
IE,Ireland,2020,134.82,130.13,6249.99,121.29,34.82,30.13,21.29,13.53,8.84,0.31,0.16,3.03,True
IE,Ireland,2021,145.98,133.77,6587.78,127.85,45.98,33.77,27.85,18.13,5.92,8.28,2.8,5.41,True
IE,Ireland,2022,163.96,146.87,7130.92,138.39,63.96,46.87,38.39,25.57,8.48,12.32,9.79,8.24,True
IE,Ireland,2023,168.99,157.73,7693.37,149.3,68.99,57.73,49.3,19.69,8.43,3.07,7.39,7.88,True
IE,Ireland,2024,183.38,166.05,8381.3,162.66,83.38,66.05,62.66,20.72,3.39,8.52,5.27,8.95,True
IE,Ireland,2025,197.18,173.6,8626.51,167.41,97.18,73.6,67.41,29.77,6.19,7.53,4.55,2.92,True
IE,Ireland,2026,205.44,180.75,8814.15,171.06,105.44,80.75,71.06,34.38,9.69,4.19,4.12,2.18,False
NL,Netherlands,2015,100.0,100.0,5047.85,100.0,0.0,0.0,0.0,0.0,0.0,,,,True
NL,Netherlands,2016,105.28,102.08,5195.61,102.93,5.28,2.08,2.93,2.35,-0.85,5.28,2.08,2.93,True
NL,Netherlands,2017,113.79,103.92,5307.84,105.15,13.79,3.92,5.15,8.64,-1.23,8.08,1.8,2.16,True
NL,Netherlands,2018,124.39,105.95,5562.03,110.19,24.39,5.95,10.19,14.2,-4.24,9.32,1.95,4.79,True
NL,Netherlands,2019,133.38,108.54,5812.23,115.14,33.38,8.54,15.14,18.24,-6.6,7.23,2.44,4.49,True
NL,Netherlands,2020,144.06,111.5,6045.77,119.77,44.06,11.5,19.77,24.29,-8.27,8.01,2.73,4.02,True
NL,Netherlands,2021,164.92,113.56,6371.88,126.23,64.92,13.56,26.23,38.69,-12.67,14.48,1.85,5.39,True
NL,Netherlands,2022,186.83,115.68,6849.16,135.68,86.83,15.68,35.68,51.15,-20.0,13.29,1.87,7.49,True
NL,Netherlands,2023,183.25,118.52,7387.73,146.35,83.25,18.52,46.35,36.9,-27.83,-1.92,2.46,7.86,True
NL,Netherlands,2024,198.23,122.94,7698.93,152.52,98.23,22.94,52.52,45.71,-29.58,8.17,3.73,4.22,True
NL,Netherlands,2025,215.13,129.26,8063.99,159.75,115.13,29.26,59.75,55.38,-30.49,8.53,5.14,4.74,True
NL,Netherlands,2026,222.01,134.29,8210.54,162.65,122.01,34.29,62.65,59.36,-28.36,3.2,3.89,1.82,False
PT,Portugal,2015,100.0,100.0,3054.56,100.0,0.0,0.0,0.0,0.0,0.0,,,,True
PT,Portugal,2016,107.11,101.7,3162.8,103.54,7.11,1.7,3.54,3.57,-1.84,7.11,1.7,3.54,True
PT,Portugal,2017,117.01,102.72,3252.17,106.47,17.01,2.72,6.47,10.54,-3.75,9.24,1.0,2.83,True
PT,Portugal,2018,129.03,104.66,3404.66,111.46,29.03,4.66,11.46,17.57,-6.8,10.27,1.89,4.69,True
PT,Portugal,2019,141.88,107.97,3550.31,116.23,41.88,7.97,16.23,25.65,-8.26,9.96,3.16,4.28,True
PT,Portugal,2020,154.31,110.76,3509.78,114.9,54.31,10.76,14.9,39.41,-4.14,8.76,2.58,-1.14,True
PT,Portugal,2021,168.83,112.76,3699.19,121.1,68.83,12.76,21.1,47.73,-8.34,9.41,1.81,5.4,True
PT,Portugal,2022,190.16,115.79,4004.3,131.09,90.16,15.79,31.09,59.07,-15.3,12.63,2.69,8.25,True
PT,Portugal,2023,205.75,121.06,4324.79,141.58,105.75,21.06,41.58,64.17,-20.52,8.2,4.55,8.0,True
PT,Portugal,2024,224.43,129.5,4745.35,155.35,124.43,29.5,55.35,69.08,-25.85,9.08,6.97,9.73,True
PT,Portugal,2025,263.83,136.37,4963.6,162.5,163.83,36.37,62.5,101.33,-26.13,17.56,5.31,4.6,True
PT,Portugal,2026,296.18,142.58,5134.43,168.09,196.18,42.58,68.09,128.09,-25.51,12.26,4.55,3.44,False
