country_code,country,period,year,quarter,hpi_2015_100,rent_2015_100,mortgage_rate,hpi_qoq_pct,rent_qoq_pct,hpi_yoy_pct,rent_yoy_pct,has_rent_data,has_mortgage_data,has_complete_market_data
BE,Belgium,2015-Q1,2015,1,97.94,99.79,2.6,,,,,True,True,True
BE,Belgium,2015-Q2,2015,2,99.12,99.92,2.46,1.2,0.13,,,True,True,True
BE,Belgium,2015-Q3,2015,3,101.5,100.03,2.45,2.4,0.11,,,True,True,True
BE,Belgium,2015-Q4,2015,4,101.44,100.27,2.45,-0.06,0.24,,,True,True,True
BE,Belgium,2016-Q1,2016,1,100.37,100.7,2.32,-1.05,0.43,2.48,0.91,True,True,True
BE,Belgium,2016-Q2,2016,2,101.41,100.88,2.08,1.04,0.18,2.31,0.96,True,True,True
BE,Belgium,2016-Q3,2016,3,103.63,101.03,2.02,2.19,0.15,2.1,1.0,True,True,True
BE,Belgium,2016-Q4,2016,4,103.9,101.2,2.0,0.26,0.17,2.43,0.93,True,True,True
BE,Belgium,2017-Q1,2017,1,104.35,101.75,2.06,0.43,0.54,3.97,1.04,True,True,True
BE,Belgium,2017-Q2,2017,2,104.48,101.96,2.14,0.12,0.21,3.03,1.07,True,True,True
BE,Belgium,2017-Q3,2017,3,107.81,102.11,2.12,3.19,0.15,4.03,1.07,True,True,True
BE,Belgium,2017-Q4,2017,4,107.15,102.33,2.04,-0.61,0.22,3.13,1.12,True,True,True
BE,Belgium,2018-Q1,2018,1,107.38,102.86,1.99,0.21,0.52,2.9,1.09,True,True,True
BE,Belgium,2018-Q2,2018,2,108.51,103.04,1.93,1.05,0.17,3.86,1.06,True,True,True
BE,Belgium,2018-Q3,2018,3,110.64,103.19,1.83,1.96,0.15,2.62,1.06,True,True,True
BE,Belgium,2018-Q4,2018,4,110.06,103.34,1.84,-0.52,0.15,2.72,0.99,True,True,True
BE,Belgium,2019-Q1,2019,1,111.0,103.88,1.89,0.85,0.52,3.37,0.99,True,True,True
BE,Belgium,2019-Q2,2019,2,111.84,104.07,1.82,0.76,0.18,3.07,1.0,True,True,True
BE,Belgium,2019-Q3,2019,3,115.36,104.24,1.75,3.15,0.16,4.27,1.02,True,True,True
BE,Belgium,2019-Q4,2019,4,114.72,104.58,1.66,-0.55,0.33,4.23,1.2,True,True,True
BE,Belgium,2020-Q1,2020,1,115.25,106.42,1.71,0.46,1.76,3.83,2.45,True,True,True
BE,Belgium,2020-Q2,2020,2,116.61,106.9,1.61,1.18,0.45,4.27,2.72,True,True,True
BE,Belgium,2020-Q3,2020,3,119.04,106.73,1.5,2.08,-0.16,3.19,2.39,True,True,True
BE,Belgium,2020-Q4,2020,4,121.45,107.85,1.47,2.02,1.05,5.87,3.13,True,True,True
BE,Belgium,2021-Q1,2021,1,122.42,108.31,1.44,0.8,0.43,6.22,1.78,True,True,True
BE,Belgium,2021-Q2,2021,2,124.78,108.81,1.43,1.93,0.46,7.01,1.79,True,True,True
BE,Belgium,2021-Q3,2021,3,128.04,109.09,1.47,2.61,0.26,7.56,2.21,True,True,True
BE,Belgium,2021-Q4,2021,4,128.62,110.32,1.49,0.45,1.13,5.9,2.29,True,True,True
BE,Belgium,2022-Q1,2022,1,130.02,110.93,1.52,1.09,0.55,6.21,2.42,True,True,True
BE,Belgium,2022-Q2,2022,2,132.18,112.12,1.79,1.66,1.07,5.93,3.04,True,True,True
BE,Belgium,2022-Q3,2022,3,134.96,113.21,2.35,2.1,0.97,5.4,3.78,True,True,True
BE,Belgium,2022-Q4,2022,4,134.55,115.58,2.9,-0.3,2.09,4.61,4.77,True,True,True
BE,Belgium,2023-Q1,2023,1,135.03,117.67,3.32,0.36,1.81,3.85,6.08,True,True,True
BE,Belgium,2023-Q2,2023,2,134.54,119.0,3.55,-0.36,1.13,1.79,6.14,True,True,True
BE,Belgium,2023-Q3,2023,3,136.31,119.86,3.68,1.32,0.72,1.0,5.87,True,True,True
BE,Belgium,2023-Q4,2023,4,138.28,122.14,3.83,1.45,1.9,2.77,5.68,True,True,True
BE,Belgium,2024-Q1,2024,1,139.36,124.37,3.61,0.78,1.83,3.21,5.69,True,True,True
BE,Belgium,2024-Q2,2024,2,138.96,124.97,3.43,-0.29,0.48,3.29,5.02,True,True,True
BE,Belgium,2024-Q3,2024,3,141.16,125.45,3.38,1.58,0.38,3.56,4.66,True,True,True
BE,Belgium,2024-Q4,2024,4,142.17,127.56,3.21,0.72,1.68,2.81,4.44,True,True,True
BE,Belgium,2025-Q1,2025,1,143.07,128.51,3.07,0.63,0.74,2.66,3.33,True,True,True
BE,Belgium,2025-Q2,2025,2,142.94,129.61,3.19,-0.09,0.86,2.86,3.71,True,True,True
BE,Belgium,2025-Q3,2025,3,146.32,130.46,3.31,2.36,0.66,3.66,3.99,True,True,True
BE,Belgium,2025-Q4,2025,4,147.08,132.56,3.4,0.52,1.61,3.45,3.92,True,True,True
BE,Belgium,2026-Q1,2026,1,145.8,132.95,3.45,-0.87,0.29,1.91,3.45,True,True,True
BE,Belgium,2026-Q2,2026,2,145.98,134.02,3.55,0.12,0.8,2.13,3.4,True,True,True
DE,Germany,2015-Q1,2015,1,97.71,99.58,1.93,,,,,True,True,True
DE,Germany,2015-Q2,2015,2,100.0,99.9,1.83,2.34,0.32,,,True,True,True
DE,Germany,2015-Q3,2015,3,100.46,100.15,2.03,0.46,0.25,,,True,True,True
DE,Germany,2015-Q4,2015,4,101.83,100.37,2.01,1.36,0.22,,,True,True,True
DE,Germany,2016-Q1,2016,1,103.82,100.7,1.92,1.95,0.33,6.25,1.12,True,True,True
DE,Germany,2016-Q2,2016,2,106.87,100.96,1.81,2.94,0.26,6.87,1.06,True,True,True
DE,Germany,2016-Q3,2016,3,108.7,101.36,1.68,1.71,0.4,8.2,1.21,True,True,True
DE,Germany,2016-Q4,2016,4,110.38,101.83,1.63,1.55,0.46,8.4,1.45,True,True,True
DE,Germany,2017-Q1,2017,1,110.99,102.31,1.8,0.55,0.47,6.91,1.6,True,True,True
DE,Germany,2017-Q2,2017,2,113.13,102.74,1.83,1.93,0.42,5.86,1.76,True,True,True
DE,Germany,2017-Q3,2017,3,114.96,103.08,1.85,1.62,0.33,5.76,1.7,True,True,True
DE,Germany,2017-Q4,2017,4,117.25,103.47,1.83,1.99,0.38,6.22,1.61,True,True,True
DE,Germany,2018-Q1,2018,1,118.32,103.98,1.85,0.91,0.49,6.6,1.63,True,True,True
DE,Germany,2018-Q2,2018,2,120.61,104.38,1.9,1.94,0.38,6.61,1.6,True,True,True
DE,Germany,2018-Q3,2018,3,123.05,104.76,1.87,2.02,0.36,7.04,1.63,True,True,True
DE,Germany,2018-Q4,2018,4,124.58,105.12,1.86,1.24,0.34,6.25,1.59,True,True,True
DE,Germany,2019-Q1,2019,1,124.58,105.55,1.79,0.0,0.41,5.29,1.51,True,True,True
DE,Germany,2019-Q2,2019,2,127.79,105.93,1.62,2.58,0.36,5.95,1.48,True,True,True
DE,Germany,2019-Q3,2019,3,129.62,106.27,1.38,1.43,0.32,5.34,1.44,True,True,True
DE,Germany,2019-Q4,2019,4,132.67,106.67,1.27,2.35,0.38,6.49,1.47,True,True,True
DE,Germany,2020-Q1,2020,1,133.74,107.09,1.28,0.81,0.39,7.35,1.46,True,True,True
DE,Germany,2020-Q2,2020,2,136.18,107.46,1.31,1.82,0.35,6.57,1.44,True,True,True
DE,Germany,2020-Q3,2020,3,140.31,107.73,1.24,3.03,0.25,8.25,1.37,True,True,True
DE,Germany,2020-Q4,2020,4,144.27,108.06,1.17,2.82,0.31,8.74,1.3,True,True,True
DE,Germany,2021-Q1,2021,1,146.26,108.47,1.18,1.38,0.38,9.36,1.29,True,True,True
DE,Germany,2021-Q2,2021,2,151.91,108.82,1.26,3.86,0.32,11.55,1.27,True,True,True
DE,Germany,2021-Q3,2021,3,158.17,109.15,1.28,4.12,0.3,12.73,1.32,True,True,True
DE,Germany,2021-Q4,2021,4,162.6,109.53,1.31,2.8,0.35,12.71,1.36,True,True,True
DE,Germany,2022-Q1,2022,1,164.12,110.02,1.48,0.93,0.45,12.21,1.43,True,True,True
DE,Germany,2022-Q2,2022,2,167.33,110.55,2.25,1.96,0.48,10.15,1.59,True,True,True
DE,Germany,2022-Q3,2022,3,166.26,111.06,2.88,-0.64,0.46,5.11,1.75,True,True,True
DE,Germany,2022-Q4,2022,4,158.47,111.57,3.46,-4.69,0.46,-2.54,1.86,True,True,True
DE,Germany,2023-Q1,2023,1,153.74,112.21,3.78,-2.98,0.57,-6.32,1.99,True,True,True
DE,Germany,2023-Q2,2023,2,151.6,112.79,3.98,-1.39,0.52,-9.4,2.03,True,True,True
DE,Germany,2023-Q3,2023,3,149.31,113.35,4.09,-1.51,0.5,-10.19,2.06,True,True,True
DE,Germany,2023-Q4,2023,4,146.41,113.83,4.15,-1.94,0.42,-7.61,2.03,True,True,True
DE,Germany,2024-Q1,2024,1,145.8,114.59,3.85,-0.42,0.67,-5.16,2.12,True,True,True
DE,Germany,2024-Q2,2024,2,147.79,115.24,3.91,1.36,0.57,-2.51,2.17,True,True,True
DE,Germany,2024-Q3,2024,3,149.01,115.75,3.83,0.83,0.44,-0.2,2.12,True,True,True
DE,Germany,2024-Q4,2024,4,149.16,116.27,3.6,0.1,0.45,1.88,2.14,True,True,True
DE,Germany,2025-Q1,2025,1,151.3,116.89,3.57,1.43,0.53,3.77,2.01,True,True,True
DE,Germany,2025-Q2,2025,2,152.67,117.65,3.68,0.91,0.65,3.3,2.09,True,True,True
DE,Germany,2025-Q3,2025,3,153.74,118.22,3.71,0.7,0.48,3.17,2.13,True,True,True
DE,Germany,2025-Q4,2025,4,152.98,118.8,3.71,-0.49,0.49,2.56,2.18,True,True,True
DE,Germany,2026-Q1,2026,1,153.13,119.48,3.75,0.1,0.57,1.21,2.22,True,True,True
DE,Germany,2026-Q2,2026,2,153.59,120.09,3.91,0.3,0.51,0.6,2.07,True,True,True
ES,Spain,2015-Q1,2015,1,96.68,100.17,2.47,,,,,True,True,True
ES,Spain,2015-Q2,2015,2,100.67,100.02,2.25,4.13,-0.15,,,True,True,True
ES,Spain,2015-Q3,2015,3,101.34,99.95,2.18,0.67,-0.07,,,True,True,True
ES,Spain,2015-Q4,2015,4,101.32,99.86,2.08,-0.02,-0.09,,,True,True,True
ES,Spain,2016-Q1,2016,1,102.75,99.87,2.02,1.41,0.01,6.28,-0.3,True,True,True
ES,Spain,2016-Q2,2016,2,104.55,99.94,2.04,1.75,0.07,3.85,-0.08,True,True,True
ES,Spain,2016-Q3,2016,3,105.42,99.92,2.02,0.83,-0.02,4.03,-0.03,True,True,True
ES,Spain,2016-Q4,2016,4,105.78,99.92,1.97,0.34,0.0,4.4,0.06,True,True,True
ES,Spain,2017-Q1,2017,1,108.2,100.01,1.97,2.29,0.09,5.3,0.14,True,True,True
ES,Spain,2017-Q2,2017,2,110.38,100.18,1.92,2.01,0.17,5.58,0.24,True,True,True
ES,Spain,2017-Q3,2017,3,112.43,100.4,1.99,1.86,0.22,6.65,0.48,True,True,True
ES,Spain,2017-Q4,2017,4,113.4,100.71,1.91,0.86,0.31,7.2,0.79,True,True,True
ES,Spain,2018-Q1,2018,1,114.95,101.03,1.96,1.37,0.32,6.24,1.02,True,True,True
ES,Spain,2018-Q2,2018,2,117.9,101.4,1.94,2.57,0.37,6.81,1.22,True,True,True
ES,Spain,2018-Q3,2018,3,120.48,101.75,1.96,2.19,0.35,7.16,1.34,True,True,True
ES,Spain,2018-Q4,2018,4,120.97,102.19,2.01,0.41,0.43,6.68,1.47,True,True,True
ES,Spain,2019-Q1,2019,1,122.88,102.62,2.11,1.58,0.42,6.9,1.57,True,True,True
ES,Spain,2019-Q2,2019,2,124.27,102.99,2.13,1.13,0.36,5.4,1.57,True,True,True
ES,Spain,2019-Q3,2019,3,126.26,103.34,1.95,1.6,0.34,4.8,1.56,True,True,True
ES,Spain,2019-Q4,2019,4,125.43,103.67,1.76,-0.66,0.32,3.69,1.45,True,True,True
ES,Spain,2020-Q1,2020,1,126.93,104.03,1.81,1.2,0.35,3.3,1.37,True,True,True
ES,Spain,2020-Q2,2020,2,126.98,104.2,1.75,0.04,0.16,2.18,1.17,True,True,True
ES,Spain,2020-Q3,2020,3,128.55,104.48,1.75,1.24,0.27,1.81,1.1,True,True,True
ES,Spain,2020-Q4,2020,4,127.54,104.62,1.62,-0.79,0.13,1.68,0.92,True,True,True
ES,Spain,2021-Q1,2021,1,128.12,104.77,1.54,0.45,0.14,0.94,0.71,True,True,True
ES,Spain,2021-Q2,2021,2,131.15,104.88,1.49,2.36,0.1,3.28,0.65,True,True,True
ES,Spain,2021-Q3,2021,3,133.92,105.01,1.48,2.11,0.12,4.18,0.51,True,True,True
ES,Spain,2021-Q4,2021,4,135.58,105.16,1.43,1.24,0.14,6.3,0.52,True,True,True
ES,Spain,2022-Q1,2022,1,139.05,105.59,1.5,2.56,0.41,8.53,0.78,True,True,True
ES,Spain,2022-Q2,2022,2,141.72,106.18,1.63,1.92,0.56,8.06,1.24,True,True,True
ES,Spain,2022-Q3,2022,3,144.16,106.61,2.02,1.72,0.4,7.65,1.52,True,True,True
ES,Spain,2022-Q4,2022,4,143.0,107.08,2.75,-0.8,0.44,5.47,1.83,True,True,True
ES,Spain,2023-Q1,2023,1,143.98,107.74,3.47,0.69,0.62,3.55,2.04,True,True,True
ES,Spain,2023-Q2,2023,2,146.97,108.38,3.76,2.08,0.59,3.7,2.07,True,True,True
ES,Spain,2023-Q3,2023,3,150.68,108.82,3.9,2.52,0.41,4.52,2.07,True,True,True
ES,Spain,2023-Q4,2023,4,149.14,109.27,3.86,-1.02,0.41,4.29,2.05,True,True,True
ES,Spain,2024-Q1,2024,1,153.17,109.91,3.57,2.7,0.59,6.38,2.01,True,True,True
ES,Spain,2024-Q2,2024,2,158.64,110.72,3.45,3.57,0.74,7.94,2.16,True,True,True
ES,Spain,2024-Q3,2024,3,163.12,111.24,3.32,2.82,0.47,8.26,2.22,True,True,True
ES,Spain,2024-Q4,2024,4,166.06,111.86,3.05,1.8,0.56,11.35,2.37,True,True,True
ES,Spain,2025-Q1,2025,1,172.01,112.54,2.85,3.58,0.61,12.3,2.39,True,True,True
ES,Spain,2025-Q2,2025,2,178.89,113.37,2.71,4.0,0.74,12.76,2.39,True,True,True
ES,Spain,2025-Q3,2025,3,184.07,113.95,2.66,2.9,0.51,12.84,2.44,True,True,True
ES,Spain,2025-Q4,2025,4,187.45,114.58,2.64,1.84,0.55,12.88,2.43,True,True,True
ES,Spain,2026-Q1,2026,1,194.06,115.34,2.73,3.53,0.66,12.82,2.49,True,True,True
ES,Spain,2026-Q2,2026,2,200.61,116.17,2.85,3.38,0.72,12.14,2.47,True,True,True
FR,France,2015-Q1,2015,1,99.37,99.8,2.5,,,,,True,True,True
FR,France,2015-Q2,2015,2,99.55,99.96,2.25,0.18,0.16,,,True,True,True
FR,France,2015-Q3,2015,3,100.93,100.09,2.18,1.39,0.13,,,True,True,True
FR,France,2015-Q4,2015,4,100.15,100.15,2.31,-0.77,0.06,,,True,True,True
FR,France,2016-Q1,2016,1,99.73,100.22,2.25,-0.42,0.07,0.36,0.42,True,True,True
FR,France,2016-Q2,2016,2,100.24,100.29,1.97,0.51,0.07,0.69,0.33,True,True,True
FR,France,2016-Q3,2016,3,102.35,100.37,1.72,2.1,0.08,1.41,0.28,True,True,True
FR,France,2016-Q4,2016,4,101.84,100.41,1.55,-0.5,0.04,1.69,0.26,True,True,True
FR,France,2017-Q1,2017,1,102.53,100.4,1.52,0.68,-0.01,2.81,0.18,True,True,True
FR,France,2017-Q2,2017,2,103.52,100.5,1.59,0.97,0.1,3.27,0.21,True,True,True
FR,France,2017-Q3,2017,3,105.65,100.53,1.64,2.06,0.03,3.22,0.16,True,True,True
FR,France,2017-Q4,2017,4,105.24,100.62,1.63,-0.39,0.09,3.34,0.21,True,True,True
FR,France,2018-Q1,2018,1,105.51,100.82,1.6,0.26,0.2,2.91,0.42,True,True,True
FR,France,2018-Q2,2018,2,106.42,100.59,1.56,0.86,-0.23,2.8,0.09,True,True,True
FR,France,2018-Q3,2018,3,108.65,99.73,1.53,2.1,-0.85,2.84,-0.8,True,True,True
FR,France,2018-Q4,2018,4,108.59,99.85,1.5,-0.06,0.12,3.18,-0.77,True,True,True
FR,France,2019-Q1,2019,1,108.55,100.32,1.5,-0.04,0.47,2.88,-0.5,True,True,True
FR,France,2019-Q2,2019,2,109.85,100.64,1.44,1.2,0.32,3.22,0.05,True,True,True
FR,France,2019-Q3,2019,3,112.33,100.78,1.31,2.26,0.14,3.39,1.05,True,True,True
FR,France,2019-Q4,2019,4,112.7,100.92,1.2,0.33,0.14,3.78,1.07,True,True,True
FR,France,2020-Q1,2020,1,113.87,101.03,1.18,1.04,0.11,4.9,0.71,True,True,True
FR,France,2020-Q2,2020,2,115.52,100.99,1.29,1.45,-0.04,5.16,0.35,True,True,True
FR,France,2020-Q3,2020,3,117.8,101.03,1.3,1.97,0.04,4.87,0.25,True,True,True
FR,France,2020-Q4,2020,4,119.28,101.16,1.26,1.26,0.13,5.84,0.24,True,True,True
FR,France,2021-Q1,2021,1,120.23,101.68,1.21,0.8,0.51,5.59,0.64,True,True,True
FR,France,2021-Q2,2021,2,122.53,101.93,1.14,1.91,0.25,6.07,0.93,True,True,True
FR,France,2021-Q3,2021,3,126.24,102.06,1.12,3.03,0.13,7.16,1.02,True,True,True
FR,France,2021-Q4,2021,4,127.52,101.98,1.12,1.01,-0.08,6.91,0.81,True,True,True
FR,France,2022-Q1,2022,1,128.6,102.19,1.13,0.85,0.21,6.96,0.5,True,True,True
FR,France,2022-Q2,2022,2,130.83,102.48,1.27,1.73,0.28,6.77,0.54,True,True,True
FR,France,2022-Q3,2022,3,134.34,102.72,1.57,2.68,0.23,6.42,0.65,True,True,True
FR,France,2022-Q4,2022,4,133.5,103.02,1.91,-0.63,0.29,4.69,1.02,True,True,True
FR,France,2023-Q1,2023,1,132.32,104.05,2.36,-0.88,1.0,2.89,1.82,True,True,True
FR,France,2023-Q2,2023,2,131.72,104.72,2.88,-0.45,0.64,0.68,2.19,True,True,True
FR,France,2023-Q3,2023,3,132.24,105.03,3.28,0.39,0.3,-1.56,2.25,True,True,True
FR,France,2023-Q4,2023,4,128.73,105.32,3.52,-2.65,0.28,-3.57,2.23,True,True,True
FR,France,2024-Q1,2024,1,125.96,106.39,3.53,-2.15,1.02,-4.81,2.25,True,True,True
FR,France,2024-Q2,2024,2,125.68,107.2,3.47,-0.22,0.76,-4.59,2.37,True,True,True
FR,France,2024-Q3,2024,3,127.64,107.5,3.37,1.56,0.28,-3.48,2.35,True,True,True
FR,France,2024-Q4,2024,4,126.29,107.83,3.19,-1.06,0.31,-1.9,2.38,True,True,True
FR,France,2025-Q1,2025,1,126.54,108.95,3.06,0.2,1.04,0.46,2.41,True,True,True
FR,France,2025-Q2,2025,2,126.54,109.64,3.01,0.0,0.63,0.68,2.28,True,True,True
FR,France,2025-Q3,2025,3,128.48,109.84,3.0,1.53,0.18,0.66,2.18,True,True,True
FR,France,2025-Q4,2025,4,127.46,110.44,2.99,-0.79,0.55,0.93,2.42,True,True,True
FR,France,2026-Q1,2026,1,126.57,111.03,3.08,-0.7,0.53,0.02,1.91,True,True,True
FR,France,2026-Q2,2026,2,125.54,111.38,3.12,-0.81,0.32,-0.79,1.59,True,True,True
IE,Ireland,2015-Q1,2015,1,96.43,97.17,3.58,,,,,True,True,True
IE,Ireland,2015-Q2,2015,2,98.6,98.71,3.49,2.25,1.58,,,True,True,True
IE,Ireland,2015-Q3,2015,3,101.73,101.15,3.44,3.17,2.47,,,True,True,True
IE,Ireland,2015-Q4,2015,4,103.25,102.96,3.48,1.49,1.79,,,True,True,True
IE,Ireland,2016-Q1,2016,1,103.66,105.23,3.35,0.4,2.2,7.5,8.29,True,True,True
IE,Ireland,2016-Q2,2016,2,104.79,107.36,3.28,1.09,2.02,6.28,8.76,True,True,True
IE,Ireland,2016-Q3,2016,3,109.34,109.91,3.21,4.34,2.38,7.48,8.66,True,True,True
IE,Ireland,2016-Q4,2016,4,112.06,112.28,3.23,2.49,2.16,8.53,9.05,True,True,True
IE,Ireland,2017-Q1,2017,1,113.36,113.26,3.18,1.16,0.87,9.36,7.63,True,True,True
IE,Ireland,2017-Q2,2017,2,115.87,114.66,3.22,2.21,1.24,10.57,6.8,True,True,True
IE,Ireland,2017-Q3,2017,3,122.18,116.98,3.21,5.45,2.02,11.74,6.43,True,True,True
IE,Ireland,2017-Q4,2017,4,125.16,118.85,3.14,2.44,1.6,11.69,5.85,True,True,True
IE,Ireland,2018-Q1,2018,1,127.35,120.56,3.06,1.75,1.44,12.34,6.45,True,True,True
IE,Ireland,2018-Q2,2018,2,130.44,122.5,3.01,2.43,1.61,12.57,6.84,True,True,True
IE,Ireland,2018-Q3,2018,3,133.3,124.07,3.0,2.19,1.28,9.1,6.06,True,True,True
IE,Ireland,2018-Q4,2018,4,134.23,126.33,2.95,0.7,1.82,7.25,6.29,True,True,True
IE,Ireland,2019-Q1,2019,1,132.98,127.53,2.95,-0.93,0.95,4.42,5.78,True,True,True
IE,Ireland,2019-Q2,2019,2,133.69,128.95,2.96,0.53,1.11,2.49,5.27,True,True,True
IE,Ireland,2019-Q3,2019,3,135.63,130.9,2.93,1.45,1.51,1.75,5.5,True,True,True
IE,Ireland,2019-Q4,2019,4,135.31,132.3,2.88,-0.24,1.07,0.8,4.73,True,True,True
IE,Ireland,2020-Q1,2020,1,134.31,132.48,2.83,-0.74,0.14,1.0,3.88,True,True,True
IE,Ireland,2020-Q2,2020,2,134.15,129.52,2.8,-0.12,-2.23,0.34,0.44,True,True,True
IE,Ireland,2020-Q3,2020,3,134.54,129.37,2.81,0.29,-0.12,-0.8,-1.17,True,True,True
IE,Ireland,2020-Q4,2020,4,136.28,129.16,2.79,1.29,-0.16,0.72,-2.37,True,True,True
IE,Ireland,2021-Q1,2021,1,138.35,130.29,2.79,1.52,0.87,3.01,-1.65,True,True,True
IE,Ireland,2021-Q2,2021,2,141.64,132.11,2.72,2.38,1.4,5.58,2.0,True,True,True
IE,Ireland,2021-Q3,2021,3,148.82,134.08,2.73,5.07,1.49,10.61,3.64,True,True,True
IE,Ireland,2021-Q4,2021,4,155.11,138.58,2.71,4.23,3.36,13.82,7.29,True,True,True
IE,Ireland,2022-Q1,2022,1,159.07,141.01,2.77,2.55,1.75,14.98,8.23,True,True,True
IE,Ireland,2022-Q2,2022,2,161.89,145.28,2.74,1.77,3.03,14.3,9.97,True,True,True
IE,Ireland,2022-Q3,2022,3,166.47,149.39,2.69,2.83,2.83,11.86,11.42,True,True,True
IE,Ireland,2022-Q4,2022,4,168.42,151.79,2.69,1.17,1.61,8.58,9.53,True,True,True
IE,Ireland,2023-Q1,2023,1,167.16,153.98,3.13,-0.75,1.44,5.09,9.2,True,True,True
IE,Ireland,2023-Q2,2023,2,166.31,156.08,3.76,-0.51,1.36,2.73,7.43,True,True,True
IE,Ireland,2023-Q3,2023,3,168.79,159.41,4.11,1.49,2.13,1.39,6.71,True,True,True
IE,Ireland,2023-Q4,2023,4,173.7,161.46,4.22,2.91,1.29,3.14,6.37,True,True,True
IE,Ireland,2024-Q1,2024,1,177.71,162.9,4.27,2.31,0.89,6.31,5.79,True,True,True
IE,Ireland,2024-Q2,2024,2,180.35,164.35,4.14,1.49,0.89,8.44,5.3,True,True,True
IE,Ireland,2024-Q3,2024,3,185.5,167.06,4.05,2.86,1.65,9.9,4.8,True,True,True
IE,Ireland,2024-Q4,2024,4,189.97,169.89,3.84,2.41,1.69,9.37,5.22,True,True,True
IE,Ireland,2025-Q1,2025,1,191.83,171.47,3.71,0.98,0.93,7.95,5.26,True,True,True
IE,Ireland,2025-Q2,2025,2,194.33,172.82,3.61,1.3,0.79,7.75,5.15,True,True,True
IE,Ireland,2025-Q3,2025,3,199.36,174.29,3.56,2.59,0.85,7.47,4.33,True,True,True
IE,Ireland,2025-Q4,2025,4,203.22,175.81,3.51,1.94,0.87,6.97,3.48,True,True,True
IE,Ireland,2026-Q1,2026,1,204.94,177.26,3.47,0.85,0.82,6.83,3.38,True,True,True
IE,Ireland,2026-Q2,2026,2,205.95,181.21,3.45,0.49,2.23,5.98,4.85,True,True,True
NL,Netherlands,2015-Q1,2015,1,98.3,98.86,3.09,,,,,True,True,True
NL,Netherlands,2015-Q2,2015,2,99.2,98.86,2.92,0.92,0.0,,,True,True,True
NL,Netherlands,2015-Q3,2015,3,101.01,101.22,2.9,1.82,2.39,,,True,True,True
NL,Netherlands,2015-Q4,2015,4,101.5,101.06,2.83,0.49,-0.16,,,True,True,True
NL,Netherlands,2016-Q1,2016,1,102.51,101.06,2.76,1.0,0.0,4.28,2.23,True,True,True
NL,Netherlands,2016-Q2,2016,2,104.02,101.06,2.64,1.47,0.0,4.86,2.23,True,True,True
NL,Netherlands,2016-Q3,2016,3,106.58,103.1,2.55,2.46,2.02,5.51,1.86,True,True,True
NL,Netherlands,2016-Q4,2016,4,108.02,103.1,2.4,1.35,0.0,6.42,2.02,True,True,True
NL,Netherlands,2017-Q1,2017,1,110.19,103.1,2.39,2.01,0.0,7.49,2.02,True,True,True
NL,Netherlands,2017-Q2,2017,2,112.06,103.1,2.42,1.7,0.0,7.73,2.02,True,True,True
NL,Netherlands,2017-Q3,2017,3,115.2,104.73,2.42,2.8,1.58,8.09,1.58,True,True,True
NL,Netherlands,2017-Q4,2017,4,117.72,104.73,2.4,2.19,0.0,8.98,1.58,True,True,True
NL,Netherlands,2018-Q1,2018,1,120.3,104.73,2.38,2.19,0.0,9.18,1.58,True,True,True
NL,Netherlands,2018-Q2,2018,2,122.63,104.73,2.41,1.94,0.0,9.43,1.58,True,True,True
NL,Netherlands,2018-Q3,2018,3,126.43,107.15,2.4,3.1,2.31,9.75,2.31,True,True,True
NL,Netherlands,2018-Q4,2018,4,128.2,107.19,2.4,1.4,0.04,8.9,2.35,True,True,True
NL,Netherlands,2019-Q1,2019,1,130.33,107.19,2.41,1.66,0.0,8.34,2.35,True,True,True
NL,Netherlands,2019-Q2,2019,2,132.14,107.19,2.31,1.39,0.0,7.76,2.35,True,True,True
NL,Netherlands,2019-Q3,2019,3,134.48,109.9,2.2,1.77,2.53,6.37,2.57,True,True,True
NL,Netherlands,2019-Q4,2019,4,136.55,109.9,2.17,1.54,0.0,6.51,2.53,True,True,True
NL,Netherlands,2020-Q1,2020,1,139.28,109.9,1.94,2.0,0.0,6.87,2.53,True,True,True
NL,Netherlands,2020-Q2,2020,2,142.59,109.9,1.88,2.38,0.0,7.91,2.53,True,True,True
NL,Netherlands,2020-Q3,2020,3,145.99,113.07,1.88,2.38,2.88,8.56,2.88,True,True,True
NL,Netherlands,2020-Q4,2020,4,148.36,113.13,1.85,1.62,0.05,8.65,2.94,True,True,True
NL,Netherlands,2021-Q1,2021,1,153.71,113.13,1.78,3.61,0.0,10.36,2.94,True,True,True
NL,Netherlands,2021-Q2,2021,2,160.53,113.13,1.7,4.44,0.0,12.58,2.94,True,True,True
NL,Netherlands,2021-Q3,2021,3,169.57,113.99,1.66,5.63,0.76,16.15,0.81,True,True,True
NL,Netherlands,2021-Q4,2021,4,175.89,113.99,1.65,3.73,0.0,18.56,0.76,True,True,True
NL,Netherlands,2022-Q1,2022,1,182.93,113.99,1.7,4.0,0.0,19.01,0.76,True,True,True
NL,Netherlands,2022-Q2,2022,2,188.57,113.99,2.05,3.08,0.0,17.47,0.76,True,True,True
NL,Netherlands,2022-Q3,2022,3,189.94,117.36,2.64,0.73,2.96,12.01,2.96,True,True,True
NL,Netherlands,2022-Q4,2022,4,185.88,117.36,3.23,-2.14,0.0,5.68,2.96,True,True,True
NL,Netherlands,2023-Q1,2023,1,183.12,117.36,3.55,-1.48,0.0,0.1,2.96,True,True,True
NL,Netherlands,2023-Q2,2023,2,180.91,117.36,3.8,-1.21,0.0,-4.06,2.96,True,True,True
NL,Netherlands,2023-Q3,2023,3,182.91,119.69,3.99,1.11,1.99,-3.7,1.99,True,True,True
NL,Netherlands,2023-Q4,2023,4,186.05,119.69,4.03,1.72,0.0,0.09,1.99,True,True,True
NL,Netherlands,2024-Q1,2024,1,189.86,119.69,3.91,2.05,0.0,3.68,1.99,True,True,True
NL,Netherlands,2024-Q2,2024,2,194.8,119.69,3.81,2.6,0.0,7.68,1.99,True,True,True
NL,Netherlands,2024-Q3,2024,3,201.97,126.19,3.86,3.68,5.43,10.42,5.43,True,True,True
NL,Netherlands,2024-Q4,2024,4,206.29,126.19,3.7,2.14,0.0,10.88,5.43,True,True,True
NL,Netherlands,2025-Q1,2025,1,210.25,126.19,3.26,1.92,0.0,10.74,5.43,True,True,True
NL,Netherlands,2025-Q2,2025,2,213.33,126.19,3.38,1.46,0.0,9.51,5.43,True,True,True
NL,Netherlands,2025-Q3,2025,3,217.93,132.34,3.5,2.16,4.87,7.9,4.87,True,True,True
NL,Netherlands,2025-Q4,2025,4,219.01,132.34,3.5,0.5,0.0,6.17,4.87,True,True,True
NL,Netherlands,2026-Q1,2026,1,221.42,132.34,3.52,1.1,0.0,5.31,4.87,True,True,True
NL,Netherlands,2026-Q2,2026,2,222.6,132.34,3.68,0.53,0.0,4.35,4.87,True,True,True
PT,Portugal,2015-Q1,2015,1,96.93,99.89,,,,,,True,False,False
PT,Portugal,2015-Q2,2015,2,100.57,99.82,,3.76,-0.07,,,True,False,False
PT,Portugal,2015-Q3,2015,3,100.65,100.05,,0.08,0.23,,,True,False,False
PT,Portugal,2015-Q4,2015,4,101.84,100.24,,1.18,0.19,,,True,False,False
PT,Portugal,2016-Q1,2016,1,103.66,101.16,,1.79,0.92,6.94,1.27,True,False,False
PT,Portugal,2016-Q2,2016,2,106.91,101.55,,3.14,0.39,6.3,1.73,True,False,False
PT,Portugal,2016-Q3,2016,3,108.3,101.71,,1.3,0.16,7.6,1.66,True,False,False
PT,Portugal,2016-Q4,2016,4,109.57,102.4,,1.17,0.68,7.59,2.15,True,False,False
PT,Portugal,2017-Q1,2017,1,111.89,102.6,,2.12,0.2,7.94,1.42,True,False,False
PT,Portugal,2017-Q2,2017,2,115.51,102.52,,3.24,-0.08,8.04,0.96,True,False,False
PT,Portugal,2017-Q3,2017,3,119.6,102.73,,3.54,0.2,10.43,1.0,True,False,False
PT,Portugal,2017-Q4,2017,4,121.05,103.01,,1.21,0.27,10.48,0.6,True,False,False
PT,Portugal,2018-Q1,2018,1,125.56,103.6,,3.73,0.57,12.22,0.97,True,False,False
PT,Portugal,2018-Q2,2018,2,128.49,104.28,,2.33,0.66,11.24,1.72,True,False,False
PT,Portugal,2018-Q3,2018,3,129.73,105.0,,0.97,0.69,8.47,2.21,True,False,False
PT,Portugal,2018-Q4,2018,4,132.34,105.75,,2.01,0.71,9.33,2.66,True,False,False
PT,Portugal,2019-Q1,2019,1,137.14,106.64,,3.63,0.84,9.22,2.93,True,False,False
PT,Portugal,2019-Q2,2019,2,140.65,107.52,,2.56,0.83,9.46,3.11,True,False,False
PT,Portugal,2019-Q3,2019,3,143.66,108.4,,2.14,0.82,10.74,3.24,True,False,False
PT,Portugal,2019-Q4,2019,4,146.06,109.31,,1.67,0.84,10.37,3.37,True,False,False
PT,Portugal,2020-Q1,2020,1,151.65,110.18,,3.83,0.8,10.58,3.32,True,False,False
PT,Portugal,2020-Q2,2020,2,154.32,110.45,,1.76,0.25,9.72,2.73,True,False,False
PT,Portugal,2020-Q3,2020,3,153.6,110.88,,-0.47,0.39,6.92,2.29,True,False,False
PT,Portugal,2020-Q4,2020,4,157.67,111.53,,2.65,0.59,7.95,2.03,True,False,False
PT,Portugal,2021-Q1,2021,1,161.68,111.99,,2.54,0.41,6.61,1.64,True,False,False
PT,Portugal,2021-Q2,2021,2,166.4,112.39,,2.92,0.36,7.83,1.76,True,False,False
PT,Portugal,2021-Q3,2021,3,171.28,112.99,,2.93,0.53,11.51,1.9,True,False,False
PT,Portugal,2021-Q4,2021,4,175.95,113.66,,2.73,0.59,11.59,1.91,True,False,False
PT,Portugal,2022-Q1,2022,1,182.63,114.4,,3.8,0.65,12.96,2.15,True,False,False
PT,Portugal,2022-Q2,2022,2,188.3,115.26,,3.1,0.75,13.16,2.55,True,False,False
PT,Portugal,2022-Q3,2022,3,193.81,116.2,,2.93,0.82,13.15,2.84,True,False,False
PT,Portugal,2022-Q4,2022,4,195.9,117.29,,1.08,0.94,11.34,3.19,True,False,False
PT,Portugal,2023-Q1,2023,1,198.54,118.82,,1.35,1.3,8.71,3.86,True,False,False
PT,Portugal,2023-Q2,2023,2,204.74,120.42,,3.12,1.35,8.73,4.48,True,False,False
PT,Portugal,2023-Q3,2023,3,208.48,121.79,,1.83,1.14,7.57,4.81,True,False,False
PT,Portugal,2023-Q4,2023,4,211.25,123.19,,1.33,1.15,7.84,5.03,True,False,False
PT,Portugal,2024-Q1,2024,1,212.44,126.51,,0.56,2.7,7.0,6.47,True,False,False
PT,Portugal,2024-Q2,2024,2,220.72,128.99,,3.9,1.96,7.81,7.12,True,False,False
PT,Portugal,2024-Q3,2024,3,228.88,130.51,,3.7,1.18,9.79,7.16,True,False,False
PT,Portugal,2024-Q4,2024,4,235.68,132.01,,2.97,1.15,11.56,7.16,True,False,False
PT,Portugal,2025-Q1,2025,1,247.03,134.04,,4.82,1.54,16.28,5.95,True,False,False
PT,Portugal,2025-Q2,2025,2,258.77,135.76,,4.75,1.28,17.24,5.25,True,False,False
PT,Portugal,2025-Q3,2025,3,269.35,137.12,,4.09,1.0,17.68,5.06,True,False,False
PT,Portugal,2025-Q4,2025,4,280.19,138.57,,4.02,1.06,18.89,4.97,True,False,False
PT,Portugal,2026-Q1,2026,1,290.96,140.91,,3.84,1.69,17.78,5.13,True,False,False
PT,Portugal,2026-Q2,2026,2,301.4,142.77,,3.59,1.32,16.47,5.16,True,False,False
